{
"lengthUnit": "mil",
"components": {
	"fields": ["COMPONENT_NO", "COMPONENT_NAME", "LAYER", "X_COORDINATE", "Y_COORDINATE", "ANGLE"],
	"rows": [
		[1, "C1", "T", 1368.14, -1606.06, 90],
		[2, "C2", "T", 1067.35, -1606.45, 90],
		[3, "C3", "T", 1291.27, -1444.75, 270],
		[4, "C4", "T", 1216.27, -1444.75, 90],
		[5, "C5", "T", 239.71, -1426.29, 0],
		[6, "C6", "T", 239.71, -1201.29, 180],
		[7, "C7", "T", 239.71, -1126.29, 180],
		[8, "C8", "T", 239.71, -1051.29, 180],
		[9, "C9", "T", 239.71, -1501.29, 0],
		[10, "C10", "T", 1335.25, -1215.75, 180],
		[11, "C11", "T", 1335.25, -1315.75, 180],
		[12, "C12", "T", 1189.25, -963.75, 0],
		[13, "C13", "T", 1329.25, -963.75, 180],
		[14, "C14", "T", 13.71, -1114.29, 0],
		[15, "C15", "T", 13.71, -1514.29, 0],
		[16, "D4", "T", 13.71, -1589.29, 0],
		[17, "D5", "T", 239.71, -1576.29, 0],
		[18, "D6", "T", 13.71, -1029.29, 0],
		[19, "H3", "T", -161.29, -1015.29, 270],
		[20, "LED1", "T", 127.12, -1418.29, 90],
		[21, "LED2", "T", 126.7, -1215.29, 270],
		[22, "R1", "T", 1292.25, -1606.75, 270],
		[23, "R2", "T", 1217.25, -1606.75, 270],
		[24, "R3", "T", 1142.25, -1606.75, 90],
		[25, "R4", "T", 1366.17, -1445.06, 90],
		[26, "R5", "T", 126.91, -1557.29, 90],
		[27, "R6", "T", 126.91, -1071.29, 270],
		[28, "R9", "T", 13.71, -1189.29, 0],
		[29, "R10", "T", 13.71, -1439.29, 180],
		[30, "SW1", "T", 435.71, -1314.29, 90],
		[31, "SW2", "T", 299.13, -933.13, 0],
		[32, "SW3", "T", 299.13, -1694.13, 0],
		[33, "U2", "T", 264.71, -1314.29, 270],
		[34, "U3", "T", 832.71, -1314.29, 270],
		[35, "U11", "T", 13.66, -1313.46, 0],
		[36, "U12", "T", 688.71, -714.29, 0],
		[37, "U13", "T", 688.71, -1914.29, 0],
		[38, "USB2", "T", -201.29, -1594.29, 270],
		[39, "X1", "T", 1233.25, -1265.75, 90],
		[40, "X2", "T", 1259.25, -1083.75, 180]
	]
},
"pins": {
	"fields": ["PIN_NO", "PIN_NAME", "PIN_X", "PIN_Y", "LAYER", "PIN_TYPE", "NET_NAME", "NET_TYPE", "PAD_SHAPE", "PAD_SIZEX", "PAD_SIZEY", "HOLE_SIZE", "PAD_ANGLE"],
	"rows": [
		[1, "C1_1", 1368.14, -1633.62, "T", "SMD", "GND", "GND", "R", 31.5, 35.43, 0, 90],
		[2, "C1_2", 1368.14, -1578.5, "T", "SMD", "$1N8023", "", "R", 31.5, 35.43, 0, 90],
		[3, "C2_1", 1067.35, -1634.01, "T", "SMD", "GND", "GND", "R", 31.5, 35.43, 0, 90],
		[4, "C2_2", 1067.35, -1578.89, "T", "SMD", "$1N8188", "", "R", 31.5, 35.43, 0, 90],
		[5, "C3_1", 1291.27, -1417.19, "T", "SMD", "GND", "GND", "R", 31.5, 35.43, 0, 270],
		[6, "C3_2", 1291.27, -1472.31, "T", "SMD", "3V3", "", "R", 31.5, 35.43, 0, 270],
		[7, "C4_1", 1216.27, -1472.31, "T", "SMD", "GND", "GND", "R", 31.5, 35.43, 0, 90],
		[8, "C4_2", 1216.27, -1417.19, "T", "SMD", "3V3", "", "R", 31.5, 35.43, 0, 90],
		[9, "C5_1", 212.15, -1426.29, "T", "SMD", "GND", "GND", "R", 31.5, 35.43, 0, 0],
		[10, "C5_2", 267.27, -1426.29, "T", "SMD", "$1N1418", "", "R", 31.5, 35.43, 0, 0],
		[11, "C6_1", 267.27, -1201.29, "T", "SMD", "3V3", "", "R", 31.5, 35.43, 0, 180],
		[12, "C6_2", 212.15, -1201.29, "T", "SMD", "GND", "GND", "R", 31.5, 35.43, 0, 180],
		[13, "C7_1", 267.27, -1126.29, "T", "SMD", "3V3", "", "R", 31.5, 35.43, 0, 180],
		[14, "C7_2", 212.15, -1126.29, "T", "SMD", "GND", "GND", "R", 31.5, 35.43, 0, 180],
		[15, "C8_1", 267.27, -1051.29, "T", "SMD", "PB13", "", "R", 31.5, 35.43, 0, 180],
		[16, "C8_2", 212.15, -1051.29, "T", "SMD", "GND", "GND", "R", 31.5, 35.43, 0, 180],
		[17, "C9_1", 212.15, -1501.29, "T", "SMD", "GND", "GND", "R", 31.5, 35.43, 0, 0],
		[18, "C9_2", 267.27, -1501.29, "T", "SMD", "PB19", "", "R", 31.5, 35.43, 0, 0],
		[19, "C10_1", 1362.81, -1215.75, "T", "SMD", "GND", "GND", "R", 31.5, 35.43, 0, 180],
		[20, "C10_2", 1307.69, -1215.75, "T", "SMD", "L_IN_1", "", "R", 31.5, 35.43, 0, 180],
		[21, "C11_1", 1362.81, -1315.75, "T", "SMD", "GND", "GND", "R", 31.5, 35.43, 0, 180],
		[22, "C11_2", 1307.69, -1315.75, "T", "SMD", "L_IN_2", "", "R", 31.5, 35.43, 0, 180],
		[23, "C12_1", 1161.69, -963.75, "T", "SMD", "GND", "GND", "R", 31.5, 35.43, 0, 0],
		[24, "C12_2", 1216.81, -963.75, "T", "SMD", "H_IN_1", "", "R", 31.5, 35.43, 0, 0],
		[25, "C13_1", 1356.81, -963.75, "T", "SMD", "GND", "GND", "R", 31.5, 35.43, 0, 180],
		[26, "C13_2", 1301.69, -963.75, "T", "SMD", "H_IN_2", "", "R", 31.5, 35.43, 0, 180],
		[27, "C14_1", -13.85, -1114.29, "T", "SMD", "GND", "GND", "R", 31.5, 35.43, 0, 0],
		[28, "C14_2", 41.27, -1114.29, "T", "SMD", "VCC", "", "R", 31.5, 35.43, 0, 0],
		[29, "C15_1", -13.85, -1514.29, "T", "SMD", "GND", "GND", "R", 31.5, 35.43, 0, 0],
		[30, "C15_2", 41.27, -1514.29, "T", "SMD", "5V", "", "R", 31.5, 35.43, 0, 0],
		[31, "D4_1", -10.76, -1589.29, "T", "SMD", "GND", "GND", "R", 34.38, 35.72, 0, 0],
		[32, "D4_2", 38.18, -1589.29, "T", "SMD", "5V", "", "R", 34.38, 35.72, 0, 0],
		[33, "D5_1", 215.24, -1576.29, "T", "SMD", "GND", "GND", "R", 34.38, 35.72, 0, 0],
		[34, "D5_2", 264.18, -1576.29, "T", "SMD", "3V3", "", "R", 34.38, 35.72, 0, 0],
		[35, "D6_1", -10.76, -1029.29, "T", "SMD", "GND", "GND", "R", 34.38, 35.72, 0, 0],
		[36, "D6_2", 38.18, -1029.29, "T", "SMD", "VCC", "", "R", 34.38, 35.72, 0, 0],
		[37, "H3_1", -211.29, -865.29, "T", "DIP", "GND", "GND", "R", 70, 70.87, 43.31, 90],
		[38, "H3_1", -211.29, -865.29, "B", "DIP", "GND", "GND", "R", 70, 70.87, 43.31, 90],
		[39, "H3_2", -111.29, -865.29, "T", "DIP", "SWCLK", "", "C", 70.87, 70.87, 43.31, 90],
		[40, "H3_2", -111.29, -865.29, "B", "DIP", "SWCLK", "", "C", 70.87, 70.87, 43.31, 90],
		[41, "H3_3", -211.29, -965.29, "T", "DIP", "VCC", "", "C", 70.87, 70.87, 43.31, 90],
		[42, "H3_3", -211.29, -965.29, "B", "DIP", "VCC", "", "C", 70.87, 70.87, 43.31, 90],
		[43, "H3_4", -111.29, -965.29, "T", "DIP", "VCC", "", "C", 70.87, 70.87, 43.31, 90],
		[44, "H3_4", -111.29, -965.29, "B", "DIP", "VCC", "", "C", 70.87, 70.87, 43.31, 90],
		[45, "H3_5", -211.29, -1065.29, "T", "DIP", "PA14", "", "C", 70.87, 70.87, 43.31, 90],
		[46, "H3_5", -211.29, -1065.29, "B", "DIP", "PA14", "", "C", 70.87, 70.87, 43.31, 90],
		[47, "H3_6", -111.29, -1065.29, "T", "DIP", "GND", "GND", "C", 70.87, 70.87, 43.31, 90],
		[48, "H3_6", -111.29, -1065.29, "B", "DIP", "GND", "GND", "C", 70.87, 70.87, 43.31, 90],
		[49, "H3_7", -211.29, -1165.29, "T", "DIP", "PA13", "", "C", 70.87, 70.87, 43.31, 90],
		[50, "H3_7", -211.29, -1165.29, "B", "DIP", "PA13", "", "C", 70.87, 70.87, 43.31, 90],
		[51, "H3_8", -111.29, -1165.29, "T", "DIP", "SWDIO", "", "C", 70.87, 70.87, 43.31, 90],
		[52, "H3_8", -111.29, -1165.29, "B", "DIP", "SWDIO", "", "C", 70.87, 70.87, 43.31, 90],
		[53, "LED1_1", 127.25, -1449.78, "T", "SMD", "$1N18671", "", "R", 31.5, 31.5, 0, 180],
		[54, "LED1_2", 126.98, -1386.82, "T", "SMD", "PA15", "", "R", 31.5, 31.5, 0, 180],
		[55, "LED2_1", 126.56, -1183.81, "T", "SMD", "$1N2545", "", "R", 31.5, 31.5, 0, 360],
		[56, "LED2_2", 126.83, -1246.77, "T", "SMD", "3V3", "", "R", 31.5, 31.5, 0, 360],
		[57, "R1_1", 1292.25, -1577.09, "T", "SMD", "$1N8023", "", "R", 31.75, 34.02, 0, 270],
		[58, "R1_2", 1292.25, -1636.41, "T", "SMD", "3V3", "", "R", 31.75, 34.02, 0, 270],
		[59, "R2_1", 1217.25, -1577.09, "T", "SMD", "PA0", "", "R", 31.75, 34.02, 0, 270],
		[60, "R2_2", 1217.25, -1636.41, "T", "SMD", "3V3", "", "R", 31.75, 34.02, 0, 270],
		[61, "R3_1", 1142.25, -1636.41, "T", "SMD", "3V3", "", "R", 31.75, 34.02, 0, 90],
		[62, "R3_2", 1142.25, -1577.09, "T", "SMD", "PA1", "", "R", 31.75, 34.02, 0, 90],
		[63, "R4_1", 1366.17, -1474.72, "T", "SMD", "GND", "GND", "R", 31.75, 34.02, 0, 90],
		[64, "R4_2", 1366.17, -1415.4, "T", "SMD", "$1N7826", "", "R", 31.75, 34.02, 0, 90],
		[65, "R5_1", 126.91, -1586.95, "T", "SMD", "GND", "GND", "R", 31.75, 34.02, 0, 90],
		[66, "R5_2", 126.91, -1527.63, "T", "SMD", "$1N18671", "", "R", 31.75, 34.02, 0, 90],
		[67, "R6_1", 126.91, -1041.63, "T", "SMD", "GND", "GND", "R", 31.75, 34.02, 0, 270],
		[68, "R6_2", 126.91, -1100.95, "T", "SMD", "$1N2545", "", "R", 31.75, 34.02, 0, 270],
		[69, "R9_1", -15.95, -1189.29, "T", "SMD", "$1N13658", "", "R", 31.75, 34.02, 0, 0],
		[70, "R9_2", 43.37, -1189.29, "T", "SMD", "VCC", "", "R", 31.75, 34.02, 0, 0],
		[71, "R10_1", 43.37, -1439.29, "T", "SMD", "GND", "GND", "R", 31.75, 34.02, 0, 180],
		[72, "R10_2", -15.95, -1439.29, "T", "SMD", "$1N13658", "", "R", 31.75, 34.02, 0, 180],
		[73, "SW1_1", 435.71, -1471.77, "T", "SMD", "$1N8023", "", "R", 74.8, 59.05, 0, 90],
		[74, "SW1_2", 435.71, -1156.81, "T", "SMD", "GND", "GND", "R", 74.8, 59.05, 0, 90],
		[75, "SW2_1", 141.65, -933.13, "T", "SMD", "GND", "GND", "R", 74.8, 59.05, 0, 0],
		[76, "SW2_2", 456.61, -933.13, "T", "SMD", "PB13", "", "R", 74.8, 59.05, 0, 0],
		[77, "SW3_1", 141.65, -1694.13, "T", "SMD", "GND", "GND", "R", 74.8, 59.05, 0, 0],
		[78, "SW3_2", 456.61, -1694.13, "T", "SMD", "PB19", "", "R", 74.8, 59.05, 0, 0],
		[79, "U2_1", 219.29, -1276.89, "T", "SMD", "5V", "", "R", 19.29, 45.55, 0, 270],
		[80, "U2_2", 219.29, -1314.29, "T", "SMD", "GND", "GND", "R", 19.29, 45.55, 0, 270],
		[81, "U2_3", 219.29, -1351.69, "T", "SMD", "5V", "", "R", 19.29, 45.55, 0, 270],
		[82, "U2_4", 310.13, -1351.69, "T", "SMD", "$1N1418", "", "R", 19.29, 46.26, 0, 270],
		[83, "U2_5", 310.13, -1276.89, "T", "SMD", "3V3", "", "R", 19.29, 46.26, 0, 270],
		[84, "U3_1", 606.34, -1166.65, "T", "SMD", "PB13", "", "O", 11.81, 78.74, 0, 270],
		[85, "U3_2", 606.34, -1186.34, "T", "SMD", "PB14", "", "O", 11.81, 78.74, 0, 270],
		[86, "U3_3", 606.34, -1206.02, "T", "SMD", "PB15", "", "O", 11.81, 78.74, 0, 270],
		[87, "U3_4", 606.34, -1225.71, "T", "SMD", "PB16", "", "O", 11.81, 78.74, 0, 270],
		[88, "U3_5", 606.34, -1245.39, "T", "SMD", "PA12", "", "O", 11.81, 78.74, 0, 270],
		[89, "U3_6", 606.34, -1265.08, "T", "SMD", "PA13", "", "O", 11.81, 78.74, 0, 270],
		[90, "U3_7", 606.34, -1284.76, "T", "SMD", "PA14", "", "O", 11.81, 78.74, 0, 270],
		[91, "U3_8", 606.34, -1304.45, "T", "SMD", "PA15", "", "O", 11.81, 78.74, 0, 270],
		[92, "U3_9", 606.34, -1324.13, "T", "SMD", "PA16", "", "O", 11.81, 78.74, 0, 270],
		[93, "U3_10", 606.34, -1343.82, "T", "SMD", "PA17", "", "O", 11.81, 78.74, 0, 270],
		[94, "U3_11", 606.34, -1363.5, "T", "SMD", "PA18", "", "O", 11.81, 78.74, 0, 270],
		[95, "U3_12", 606.34, -1383.19, "T", "SMD", "SWDIO", "", "O", 11.81, 78.74, 0, 270],
		[96, "U3_13", 606.34, -1402.87, "T", "SMD", "SWCLK", "", "O", 11.81, 78.74, 0, 270],
		[97, "U3_14", 606.34, -1422.56, "T", "SMD", "PB17", "", "O", 11.81, 78.74, 0, 270],
		[98, "U3_15", 606.34, -1442.24, "T", "SMD", "PB18", "", "O", 11.81, 78.74, 0, 270],
		[99, "U3_16", 606.34, -1461.93, "T", "SMD", "PB19", "", "O", 11.81, 78.74, 0, 270],
		[100, "U3_17", 685.07, -1540.66, "T", "SMD", "PA21", "", "O", 78.74, 11.81, 0, 270],
		[101, "U3_18", 704.76, -1540.66, "T", "SMD", "PA22", "", "O", 78.74, 11.81, 0, 270],
		[102, "U3_19", 724.44, -1540.66, "T", "SMD", "PB20", "", "O", 78.74, 11.81, 0, 270],
		[103, "U3_20", 744.13, -1540.66, "T", "SMD", "PB21", "", "O", 78.74, 11.81, 0, 270],
		[104, "U3_21", 763.81, -1540.66, "T", "SMD", "PB22", "", "O", 78.74, 11.81, 0, 270],
		[105, "U3_22", 783.5, -1540.66, "T", "SMD", "PB23", "", "O", 78.74, 11.81, 0, 270],
		[106, "U3_23", 803.18, -1540.66, "T", "SMD", "PB24", "", "O", 78.74, 11.81, 0, 270],
		[107, "U3_24", 822.87, -1540.66, "T", "SMD", "PA23", "", "O", 78.74, 11.81, 0, 270],
		[108, "U3_25", 842.55, -1540.66, "T", "SMD", "PA24", "", "O", 78.74, 11.81, 0, 270],
		[109, "U3_26", 862.24, -1540.66, "T", "SMD", "PA25", "", "O", 78.74, 11.81, 0, 270],
		[110, "U3_27", 881.92, -1540.66, "T", "SMD", "PB25", "", "O", 78.74, 11.81, 0, 270],
		[111, "U3_28", 901.61, -1540.66, "T", "SMD", "PB26", "", "O", 78.74, 11.81, 0, 270],
		[112, "U3_29", 921.29, -1540.66, "T", "SMD", "PB27", "", "O", 78.74, 11.81, 0, 270],
		[113, "U3_30", 940.98, -1540.66, "T", "SMD", "PA26", "", "O", 78.74, 11.81, 0, 270],
		[114, "U3_31", 960.66, -1540.66, "T", "SMD", "PA27", "", "O", 78.74, 11.81, 0, 270],
		[115, "U3_32", 980.35, -1540.66, "T", "SMD", "$1N8188", "", "O", 78.74, 11.81, 0, 270],
		[116, "U3_33", 1059.08, -1461.93, "T", "SMD", "PA1", "", "O", 11.81, 78.74, 0, 270],
		[117, "U3_34", 1059.08, -1442.24, "T", "SMD", "PA0", "", "O", 11.81, 78.74, 0, 270],
		[118, "U3_35", 1059.08, -1422.56, "T", "SMD", "PA28", "", "O", 11.81, 78.74, 0, 270],
		[119, "U3_36", 1059.08, -1402.87, "T", "SMD", "PA29", "", "O", 11.81, 78.74, 0, 270],
		[120, "U3_37", 1059.08, -1383.19, "T", "SMD", "PA30", "", "O", 11.81, 78.74, 0, 270],
		[121, "U3_38", 1059.08, -1363.5, "T", "SMD", "$1N8023", "", "O", 11.81, 78.74, 0, 270],
		[122, "U3_39", 1059.08, -1343.82, "T", "SMD", "PA31", "", "O", 11.81, 78.74, 0, 270],
		[123, "U3_40", 1059.08, -1324.13, "T", "SMD", "3V3", "", "O", 11.81, 78.74, 0, 270],
		[124, "U3_41", 1059.08, -1304.45, "T", "SMD", "GND", "GND", "O", 11.81, 78.74, 0, 270],
		[125, "U3_42", 1059.08, -1284.76, "T", "SMD", "$1N7826", "", "O", 11.81, 78.74, 0, 270],
		[126, "U3_43", 1059.08, -1265.08, "T", "SMD", "L_IN_2", "", "O", 11.81, 78.74, 0, 270],
		[127, "U3_44", 1059.08, -1245.39, "T", "SMD", "L_IN_1", "", "O", 11.81, 78.74, 0, 270],
		[128, "U3_45", 1059.08, -1225.71, "T", "SMD", "H_IN_2", "", "O", 11.81, 78.74, 0, 270],
		[129, "U3_46", 1059.08, -1206.02, "T", "SMD", "H_IN_1", "", "O", 11.81, 78.74, 0, 270],
		[130, "U3_47", 1059.08, -1186.34, "T", "SMD", "PB0", "", "O", 11.81, 78.74, 0, 270],
		[131, "U3_48", 1059.08, -1166.65, "T", "SMD", "PB1", "", "O", 11.81, 78.74, 0, 270],
		[132, "U3_49", 980.35, -1087.92, "T", "SMD", "PA7", "", "O", 78.74, 11.81, 0, 270],
		[133, "U3_50", 960.66, -1087.92, "T", "SMD", "PB2", "", "O", 78.74, 11.81, 0, 270],
		[134, "U3_51", 940.98, -1087.92, "T", "SMD", "PB3", "", "O", 78.74, 11.81, 0, 270],
		[135, "U3_52", 921.29, -1087.92, "T", "SMD", "PB4", "", "O", 78.74, 11.81, 0, 270],
		[136, "U3_53", 901.61, -1087.92, "T", "SMD", "PB5", "", "O", 78.74, 11.81, 0, 270],
		[137, "U3_54", 881.92, -1087.92, "T", "SMD", "PA8", "", "O", 78.74, 11.81, 0, 270],
		[138, "U3_55", 862.24, -1087.92, "T", "SMD", "PA9", "", "O", 78.74, 11.81, 0, 270],
		[139, "U3_56", 842.55, -1087.92, "T", "SMD", "PA10", "", "O", 78.74, 11.81, 0, 270],
		[140, "U3_57", 822.87, -1087.92, "T", "SMD", "PA11", "", "O", 78.74, 11.81, 0, 270],
		[141, "U3_58", 803.18, -1087.92, "T", "SMD", "PB6", "", "O", 78.74, 11.81, 0, 270],
		[142, "U3_59", 783.5, -1087.92, "T", "SMD", "PB7", "", "O", 78.74, 11.81, 0, 270],
		[143, "U3_60", 763.81, -1087.92, "T", "SMD", "PB8", "", "O", 78.74, 11.81, 0, 270],
		[144, "U3_61", 744.13, -1087.92, "T", "SMD", "PB9", "", "O", 78.74, 11.81, 0, 270],
		[145, "U3_62", 724.44, -1087.92, "T", "SMD", "PB10", "", "O", 78.74, 11.81, 0, 270],
		[146, "U3_63", 704.76, -1087.92, "T", "SMD", "PB11", "", "O", 78.74, 11.81, 0, 270],
		[147, "U3_64", 685.07, -1087.92, "T", "SMD", "PB12", "", "O", 78.74, 11.81, 0, 270],
		[148, "U11_1", -23.74, -1358.7, "T", "SMD", "$1N13658", "", "R", 20.95, 42.2, 0, 0],
		[149, "U11_2", 13.66, -1358.7, "T", "SMD", "U11_2", "", "R", 20.95, 42.2, 0, 0],
		[150, "U11_3", 51.06, -1358.7, "T", "SMD", "5V", "", "R", 20.95, 42.2, 0, 0],
		[151, "U11_4", 51.06, -1268.22, "T", "SMD", "VCC", "", "R", 20.95, 42.2, 0, 0],
		[152, "U11_5", 13.66, -1268.22, "T", "SMD", "VCC", "", "R", 20.95, 42.2, 0, 0],
		[153, "U11_6", -23.74, -1268.22, "T", "SMD", "GND", "GND", "R", 20.95, 42.2, 0, 0],
		[154, "U12_1", -11.29, -764.29, "T", "DIP", "VCC", "", "C", 70.87, 70.87, 43.31, 0],
		[155, "U12_1", -11.29, -764.29, "B", "DIP", "VCC", "", "C", 70.87, 70.87, 43.31, 0],
		[156, "U12_2", -11.29, -664.29, "T", "DIP", "GND", "GND", "C", 70.87, 70.87, 43.31, 0],
		[157, "U12_2", -11.29, -664.29, "B", "DIP", "GND", "GND", "C", 70.87, 70.87, 43.31, 0],
		[158, "U12_3", 88.71, -764.29, "T", "DIP", "PA14", "", "C", 70.87, 70.87, 43.31, 0],
		[159, "U12_3", 88.71, -764.29, "B", "DIP", "PA14", "", "C", 70.87, 70.87, 43.31, 0],
		[160, "U12_4", 88.71, -664.29, "T", "DIP", "PA13", "", "C", 70.87, 70.87, 43.31, 0],
		[161, "U12_4", 88.71, -664.29, "B", "DIP", "PA13", "", "C", 70.87, 70.87, 43.31, 0],
		[162, "U12_5", 188.71, -764.29, "T", "DIP", "PA12", "", "C", 70.87, 70.87, 43.31, 0],
		[163, "U12_5", 188.71, -764.29, "B", "DIP", "PA12", "", "C", 70.87, 70.87, 43.31, 0],
		[164, "U12_6", 188.71, -664.29, "T", "DIP", "PB16", "", "C", 70.87, 70.87, 43.31, 0],
		[165, "U12_6", 188.71, -664.29, "B", "DIP", "PB16", "", "C", 70.87, 70.87, 43.31, 0],
		[166, "U12_7", 288.71, -764.29, "T", "DIP", "PB15", "", "C", 70.87, 70.87, 43.31, 0],
		[167, "U12_7", 288.71, -764.29, "B", "DIP", "PB15", "", "C", 70.87, 70.87, 43.31, 0],
		[168, "U12_8", 288.71, -664.29, "T", "DIP", "PB14", "", "C", 70.87, 70.87, 43.31, 0],
		[169, "U12_8", 288.71, -664.29, "B", "DIP", "PB14", "", "C", 70.87, 70.87, 43.31, 0],
		[170, "U12_9", 388.71, -764.29, "T", "DIP", "PB13", "", "C", 70.87, 70.87, 43.31, 0],
		[171, "U12_9", 388.71, -764.29, "B", "DIP", "PB13", "", "C", 70.87, 70.87, 43.31, 0],
		[172, "U12_10", 388.71, -664.29, "T", "DIP", "PB12", "", "C", 70.87, 70.87, 43.31, 0],
		[173, "U12_10", 388.71, -664.29, "B", "DIP", "PB12", "", "C", 70.87, 70.87, 43.31, 0],
		[174, "U12_11", 488.71, -764.29, "T", "DIP", "PB11", "", "C", 70.87, 70.87, 43.31, 0],
		[175, "U12_11", 488.71, -764.29, "B", "DIP", "PB11", "", "C", 70.87, 70.87, 43.31, 0],
		[176, "U12_12", 488.71, -664.29, "T", "DIP", "PB10", "", "C", 70.87, 70.87, 43.31, 0],
		[177, "U12_12", 488.71, -664.29, "B", "DIP", "PB10", "", "C", 70.87, 70.87, 43.31, 0],
		[178, "U12_13", 588.71, -764.29, "T", "DIP", "PB9", "", "C", 70.87, 70.87, 43.31, 0],
		[179, "U12_13", 588.71, -764.29, "B", "DIP", "PB9", "", "C", 70.87, 70.87, 43.31, 0],
		[180, "U12_14", 588.71, -664.29, "T", "DIP", "PB8", "", "C", 70.87, 70.87, 43.31, 0],
		[181, "U12_14", 588.71, -664.29, "B", "DIP", "PB8", "", "C", 70.87, 70.87, 43.31, 0],
		[182, "U12_15", 688.71, -764.29, "T", "DIP", "PB7", "", "C", 70.87, 70.87, 43.31, 0],
		[183, "U12_15", 688.71, -764.29, "B", "DIP", "PB7", "", "C", 70.87, 70.87, 43.31, 0],
		[184, "U12_16", 688.71, -664.29, "T", "DIP", "PB6", "", "C", 70.87, 70.87, 43.31, 0],
		[185, "U12_16", 688.71, -664.29, "B", "DIP", "PB6", "", "C", 70.87, 70.87, 43.31, 0],
		[186, "U12_17", 788.71, -764.29, "T", "DIP", "PA11", "", "C", 70.87, 70.87, 43.31, 0],
		[187, "U12_17", 788.71, -764.29, "B", "DIP", "PA11", "", "C", 70.87, 70.87, 43.31, 0],
		[188, "U12_18", 788.71, -664.29, "T", "DIP", "PA10", "", "C", 70.87, 70.87, 43.31, 0],
		[189, "U12_18", 788.71, -664.29, "B", "DIP", "PA10", "", "C", 70.87, 70.87, 43.31, 0],
		[190, "U12_19", 888.71, -764.29, "T", "DIP", "PA9", "", "C", 70.87, 70.87, 43.31, 0],
		[191, "U12_19", 888.71, -764.29, "B", "DIP", "PA9", "", "C", 70.87, 70.87, 43.31, 0],
		[192, "U12_20", 888.71, -664.29, "T", "DIP", "PA8", "", "C", 70.87, 70.87, 43.31, 0],
		[193, "U12_20", 888.71, -664.29, "B", "DIP", "PA8", "", "C", 70.87, 70.87, 43.31, 0],
		[194, "U12_21", 988.71, -764.29, "T", "DIP", "PB5", "", "C", 70.87, 70.87, 43.31, 0],
		[195, "U12_21", 988.71, -764.29, "B", "DIP", "PB5", "", "C", 70.87, 70.87, 43.31, 0],
		[196, "U12_22", 988.71, -664.29, "T", "DIP", "PB4", "", "C", 70.87, 70.87, 43.31, 0],
		[197, "U12_22", 988.71, -664.29, "B", "DIP", "PB4", "", "C", 70.87, 70.87, 43.31, 0],
		[198, "U12_23", 1088.71, -764.29, "T", "DIP", "PB3", "", "C", 70.87, 70.87, 43.31, 0],
		[199, "U12_23", 1088.71, -764.29, "B", "DIP", "PB3", "", "C", 70.87, 70.87, 43.31, 0],
		[200, "U12_24", 1088.71, -664.29, "T", "DIP", "PB2", "", "C", 70.87, 70.87, 43.31, 0],
		[201, "U12_24", 1088.71, -664.29, "B", "DIP", "PB2", "", "C", 70.87, 70.87, 43.31, 0],
		[202, "U12_25", 1188.71, -764.29, "T", "DIP", "PA7", "", "C", 70.87, 70.87, 43.31, 0],
		[203, "U12_25", 1188.71, -764.29, "B", "DIP", "PA7", "", "C", 70.87, 70.87, 43.31, 0],
		[204, "U12_26", 1188.71, -664.29, "T", "DIP", "PB1", "", "C", 70.87, 70.87, 43.31, 0],
		[205, "U12_26", 1188.71, -664.29, "B", "DIP", "PB1", "", "C", 70.87, 70.87, 43.31, 0],
		[206, "U12_27", 1288.71, -764.29, "T", "DIP", "PB0", "", "C", 70.87, 70.87, 43.31, 0],
		[207, "U12_27", 1288.71, -764.29, "B", "DIP", "PB0", "", "C", 70.87, 70.87, 43.31, 0],
		[208, "U12_28", 1288.71, -664.29, "T", "DIP", "PA31", "", "C", 70.87, 70.87, 43.31, 0],
		[209, "U12_28", 1288.71, -664.29, "B", "DIP", "PA31", "", "C", 70.87, 70.87, 43.31, 0],
		[210, "U12_29", 1388.71, -764.29, "T", "DIP", "GND", "GND", "C", 70.87, 70.87, 43.31, 0],
		[211, "U12_29", 1388.71, -764.29, "B", "DIP", "GND", "GND", "C", 70.87, 70.87, 43.31, 0],
		[212, "U12_30", 1388.71, -664.29, "T", "DIP", "GND", "GND", "C", 70.87, 70.87, 43.31, 0],
		[213, "U12_30", 1388.71, -664.29, "B", "DIP", "GND", "GND", "C", 70.87, 70.87, 43.31, 0],
		[214, "U13_1", -11.29, -1964.29, "T", "DIP", "GND", "GND", "C", 70.87, 70.87, 43.31, 0],
		[215, "U13_1", -11.29, -1964.29, "B", "DIP", "GND", "GND", "C", 70.87, 70.87, 43.31, 0],
		[216, "U13_2", -11.29, -1864.29, "T", "DIP", "VCC", "", "C", 70.87, 70.87, 43.31, 0],
		[217, "U13_2", -11.29, -1864.29, "B", "DIP", "VCC", "", "C", 70.87, 70.87, 43.31, 0],
		[218, "U13_3", 88.71, -1964.29, "T", "DIP", "PA16", "", "C", 70.87, 70.87, 43.31, 0],
		[219, "U13_3", 88.71, -1964.29, "B", "DIP", "PA16", "", "C", 70.87, 70.87, 43.31, 0],
		[220, "U13_4", 88.71, -1864.29, "T", "DIP", "PA15", "", "C", 70.87, 70.87, 43.31, 0],
		[221, "U13_4", 88.71, -1864.29, "B", "DIP", "PA15", "", "C", 70.87, 70.87, 43.31, 0],
		[222, "U13_5", 188.71, -1964.29, "T", "DIP", "PA18", "", "C", 70.87, 70.87, 43.31, 0],
		[223, "U13_5", 188.71, -1964.29, "B", "DIP", "PA18", "", "C", 70.87, 70.87, 43.31, 0],
		[224, "U13_6", 188.71, -1864.29, "T", "DIP", "PA17", "", "C", 70.87, 70.87, 43.31, 0],
		[225, "U13_6", 188.71, -1864.29, "B", "DIP", "PA17", "", "C", 70.87, 70.87, 43.31, 0],
		[226, "U13_7", 288.71, -1964.29, "T", "DIP", "PB18", "", "C", 70.87, 70.87, 43.31, 0],
		[227, "U13_7", 288.71, -1964.29, "B", "DIP", "PB18", "", "C", 70.87, 70.87, 43.31, 0],
		[228, "U13_8", 288.71, -1864.29, "T", "DIP", "PB17", "", "C", 70.87, 70.87, 43.31, 0],
		[229, "U13_8", 288.71, -1864.29, "B", "DIP", "PB17", "", "C", 70.87, 70.87, 43.31, 0],
		[230, "U13_9", 388.71, -1964.29, "T", "DIP", "PA21", "", "C", 70.87, 70.87, 43.31, 0],
		[231, "U13_9", 388.71, -1964.29, "B", "DIP", "PA21", "", "C", 70.87, 70.87, 43.31, 0],
		[232, "U13_10", 388.71, -1864.29, "T", "DIP", "PB19", "", "C", 70.87, 70.87, 43.31, 0],
		[233, "U13_10", 388.71, -1864.29, "B", "DIP", "PB19", "", "C", 70.87, 70.87, 43.31, 0],
		[234, "U13_11", 488.71, -1964.29, "T", "DIP", "PB20", "", "C", 70.87, 70.87, 43.31, 0],
		[235, "U13_11", 488.71, -1964.29, "B", "DIP", "PB20", "", "C", 70.87, 70.87, 43.31, 0],
		[236, "U13_12", 488.71, -1864.29, "T", "DIP", "PA22", "", "C", 70.87, 70.87, 43.31, 0],
		[237, "U13_12", 488.71, -1864.29, "B", "DIP", "PA22", "", "C", 70.87, 70.87, 43.31, 0],
		[238, "U13_13", 588.71, -1964.29, "T", "DIP", "PB22", "", "C", 70.87, 70.87, 43.31, 0],
		[239, "U13_13", 588.71, -1964.29, "B", "DIP", "PB22", "", "C", 70.87, 70.87, 43.31, 0],
		[240, "U13_14", 588.71, -1864.29, "T", "DIP", "PB21", "", "C", 70.87, 70.87, 43.31, 0],
		[241, "U13_14", 588.71, -1864.29, "B", "DIP", "PB21", "", "C", 70.87, 70.87, 43.31, 0],
		[242, "U13_15", 688.71, -1964.29, "T", "DIP", "PB24", "", "C", 70.87, 70.87, 43.31, 0],
		[243, "U13_15", 688.71, -1964.29, "B", "DIP", "PB24", "", "C", 70.87, 70.87, 43.31, 0],
		[244, "U13_16", 688.71, -1864.29, "T", "DIP", "PB23", "", "C", 70.87, 70.87, 43.31, 0],
		[245, "U13_16", 688.71, -1864.29, "B", "DIP", "PB23", "", "C", 70.87, 70.87, 43.31, 0],
		[246, "U13_17", 788.71, -1964.29, "T", "DIP", "PA24", "", "C", 70.87, 70.87, 43.31, 0],
		[247, "U13_17", 788.71, -1964.29, "B", "DIP", "PA24", "", "C", 70.87, 70.87, 43.31, 0],
		[248, "U13_18", 788.71, -1864.29, "T", "DIP", "PA23", "", "C", 70.87, 70.87, 43.31, 0],
		[249, "U13_18", 788.71, -1864.29, "B", "DIP", "PA23", "", "C", 70.87, 70.87, 43.31, 0],
		[250, "U13_19", 888.71, -1964.29, "T", "DIP", "PB25", "", "C", 70.87, 70.87, 43.31, 0],
		[251, "U13_19", 888.71, -1964.29, "B", "DIP", "PB25", "", "C", 70.87, 70.87, 43.31, 0],
		[252, "U13_20", 888.71, -1864.29, "T", "DIP", "PA25", "", "C", 70.87, 70.87, 43.31, 0],
		[253, "U13_20", 888.71, -1864.29, "B", "DIP", "PA25", "", "C", 70.87, 70.87, 43.31, 0],
		[254, "U13_21", 988.71, -1964.29, "T", "DIP", "PB27", "", "C", 70.87, 70.87, 43.31, 0],
		[255, "U13_21", 988.71, -1964.29, "B", "DIP", "PB27", "", "C", 70.87, 70.87, 43.31, 0],
		[256, "U13_22", 988.71, -1864.29, "T", "DIP", "PB26", "", "C", 70.87, 70.87, 43.31, 0],
		[257, "U13_22", 988.71, -1864.29, "B", "DIP", "PB26", "", "C", 70.87, 70.87, 43.31, 0],
		[258, "U13_23", 1088.71, -1964.29, "T", "DIP", "PA27", "", "C", 70.87, 70.87, 43.31, 0],
		[259, "U13_23", 1088.71, -1964.29, "B", "DIP", "PA27", "", "C", 70.87, 70.87, 43.31, 0],
		[260, "U13_24", 1088.71, -1864.29, "T", "DIP", "PA26", "", "C", 70.87, 70.87, 43.31, 0],
		[261, "U13_24", 1088.71, -1864.29, "B", "DIP", "PA26", "", "C", 70.87, 70.87, 43.31, 0],
		[262, "U13_25", 1188.71, -1964.29, "T", "DIP", "PA0", "", "C", 70.87, 70.87, 43.31, 0],
		[263, "U13_25", 1188.71, -1964.29, "B", "DIP", "PA0", "", "C", 70.87, 70.87, 43.31, 0],
		[264, "U13_26", 1188.71, -1864.29, "T", "DIP", "PA1", "", "C", 70.87, 70.87, 43.31, 0],
		[265, "U13_26", 1188.71, -1864.29, "B", "DIP", "PA1", "", "C", 70.87, 70.87, 43.31, 0],
		[266, "U13_27", 1288.71, -1964.29, "T", "DIP", "PA29", "", "C", 70.87, 70.87, 43.31, 0],
		[267, "U13_27", 1288.71, -1964.29, "B", "DIP", "PA29", "", "C", 70.87, 70.87, 43.31, 0],
		[268, "U13_28", 1288.71, -1864.29, "T", "DIP", "PA28", "", "C", 70.87, 70.87, 43.31, 0],
		[269, "U13_28", 1288.71, -1864.29, "B", "DIP", "PA28", "", "C", 70.87, 70.87, 43.31, 0],
		[270, "U13_29", 1388.71, -1964.29, "T", "DIP", "GND", "GND", "C", 70.87, 70.87, 43.31, 0],
		[271, "U13_29", 1388.71, -1964.29, "B", "DIP", "GND", "GND", "C", 70.87, 70.87, 43.31, 0],
		[272, "U13_30", 1388.71, -1864.29, "T", "DIP", "PA30", "", "C", 70.87, 70.87, 43.31, 0],
		[273, "U13_30", 1388.71, -1864.29, "B", "DIP", "PA30", "", "C", 70.87, 70.87, 43.31, 0],
		[274, "USB2_7", -131.41, -1386.84, "T", "SMD", "GND", "GND", "R", 86.61, 39.37, 0, 270],
		[275, "USB2_7", -131.41, -1801.74, "T", "SMD", "GND", "GND", "R", 86.61, 39.37, 0, 270],
		[276, "USB2_7", -273.14, -1384.84, "T", "SMD", "GND", "GND", "R", 55.12, 78.74, 0, 360],
		[277, "USB2_7", -273.14, -1803.74, "T", "SMD", "GND", "GND", "R", 55.12, 78.74, 0, 360],
		[278, "USB2_A12", -129.44, -1702.56, "T", "SMD", "GND", "GND", "R", 35.43, 51.18, 0, 270],
		[279, "USB2_A5", -129.44, -1574.6, "T", "SMD", "USB2_A5", "", "R", 27.56, 51.18, 0, 270],
		[280, "USB2_A9", -129.44, -1654.13, "T", "SMD", "VCC", "", "R", 31.5, 51.18, 0, 270],
		[281, "USB2_B12", -129.44, -1486.02, "T", "SMD", "GND", "GND", "R", 35.43, 51.18, 0, 270],
		[282, "USB2_B5", -129.44, -1613.98, "T", "SMD", "USB2_B5", "", "R", 27.56, 51.18, 0, 270],
		[283, "USB2_B9", -129.44, -1534.45, "T", "SMD", "VCC", "", "R", 31.5, 51.18, 0, 270],
		[284, "X1_1", 1233.25, -1314.97, "T", "SMD", "L_IN_2", "", "R", 70.87, 39.37, 0, 180],
		[285, "X1_2", 1233.25, -1216.54, "T", "SMD", "L_IN_1", "", "R", 70.87, 39.37, 0, 180],
		[286, "X2_1", 1302.55, -1049.3, "T", "SMD", "H_IN_2", "", "R", 55.12, 47.24, 0, 180],
		[287, "X2_2", 1215.94, -1049.3, "T", "SMD", "H_IN_1", "", "R", 55.12, 47.24, 0, 180],
		[288, "X2_3", 1215.94, -1118.2, "T", "SMD", "H_IN_1", "", "R", 55.12, 47.24, 0, 180],
		[289, "X2_4", 1302.55, -1118.2, "T", "SMD", "H_IN_2", "", "R", 55.12, 47.24, 0, 180]
	]
}
}