{
"lengthUnit": "mil",
"components": {
	"fields": ["COMPONENT_NO", "COMPONENT_NAME", "LAYER", "X_COORDINATE", "Y_COORDINATE", "ANGLE"],
	"rows": [
		[1, "C1", "T", -150, 0, 90],
		[2, "C2", "T", 0, -140, 0],
		[3, "C3", "T", 0, 130, 180],
		[4, "C4", "T", 225, 0, 270],
		[5, "H1", "T", 350, 0, 90],
		[6, "H6", "T", -350, 0, 270],
		[7, "H7", "T", 0, -250, 0],
		[8, "R1", "T", 130, -70, 270],
		[9, "R2", "T", 130, 70, 270],
		[10, "R3", "T", -100, 240, 180],
		[11, "R4", "T", 100, 240, 180],
		[12, "U1", "T", 0, 0, 0]
	]
},
"pins": {
	"fields": ["PIN_NO", "PIN_NAME", "PIN_X", "PIN_Y", "LAYER", "PIN_TYPE", "NET_NAME", "NET_TYPE", "PAD_SHAPE", "PAD_SIZEX", "PAD_SIZEY", "HOLE_SIZE", "PAD_ANGLE"],
	"rows": [
		[1, "C1_1", -150, -62.7, "T", "SMD", "GND", "GND", "R", 58.47, 68.03, 0, 90],
		[2, "C1_2", -150, 62.7, "T", "SMD", "VIN", "", "R", 58.47, 68.03, 0, 90],
		[3, "C2_1", -39.37, -140, "T", "SMD", "GND", "GND", "R", 55.51, 53.15, 0, 0],
		[4, "C2_2", 39.37, -140, "T", "SMD", "VOUT", "", "R", 55.51, 53.15, 0, 0],
		[5, "C3_1", 27.56, 130, "T", "SMD", "$1N675", "", "R", 31.5, 35.43, 0, 180],
		[6, "C3_2", -27.56, 130, "T", "SMD", "GND", "GND", "R", 31.5, 35.43, 0, 180],
		[7, "C4_1", 225, 62.7, "T", "SMD", "GND", "GND", "R", 58.47, 68.03, 0, 270],
		[8, "C4_2", 225, -62.7, "T", "SMD", "VOUT", "", "R", 58.47, 68.03, 0, 270],
		[9, "H1_1", 350, -150, "T", "DIP", "VOUT", "", "C", 66.93, 66.93, 43.31, 90],
		[10, "H1_1", 350, -150, "B", "DIP", "VOUT", "", "C", 66.93, 66.93, 43.31, 90],
		[11, "H1_2", 350, -50, "T", "DIP", "VOUT", "", "C", 66.93, 66.93, 43.31, 90],
		[12, "H1_2", 350, -50, "B", "DIP", "VOUT", "", "C", 66.93, 66.93, 43.31, 90],
		[13, "H1_3", 350, 50, "T", "DIP", "VOUT", "", "C", 66.93, 66.93, 43.31, 90],
		[14, "H1_3", 350, 50, "B", "DIP", "VOUT", "", "C", 66.93, 66.93, 43.31, 90],
		[15, "H1_4", 350, 150, "T", "DIP", "VOUT", "", "C", 66.93, 66.93, 43.31, 90],
		[16, "H1_4", 350, 150, "B", "DIP", "VOUT", "", "C", 66.93, 66.93, 43.31, 90],
		[17, "H6_1", -350, 150, "T", "DIP", "VIN", "", "C", 66.93, 66.93, 43.31, 270],
		[18, "H6_1", -350, 150, "B", "DIP", "VIN", "", "C", 66.93, 66.93, 43.31, 270],
		[19, "H6_2", -350, 50, "T", "DIP", "VIN", "", "C", 66.93, 66.93, 43.31, 270],
		[20, "H6_2", -350, 50, "B", "DIP", "VIN", "", "C", 66.93, 66.93, 43.31, 270],
		[21, "H6_3", -350, -50, "T", "DIP", "VIN", "", "C", 66.93, 66.93, 43.31, 270],
		[22, "H6_3", -350, -50, "B", "DIP", "VIN", "", "C", 66.93, 66.93, 43.31, 270],
		[23, "H6_4", -350, -150, "T", "DIP", "VIN", "", "C", 66.93, 66.93, 43.31, 270],
		[24, "H6_4", -350, -150, "B", "DIP", "VIN", "", "C", 66.93, 66.93, 43.31, 270],
		[25, "H7_1", -150, -250, "T", "DIP", "GND", "GND", "C", 66.93, 66.93, 43.31, 0],
		[26, "H7_1", -150, -250, "B", "DIP", "GND", "GND", "C", 66.93, 66.93, 43.31, 0],
		[27, "H7_2", -50, -250, "T", "DIP", "GND", "GND", "C", 66.93, 66.93, 43.31, 0],
		[28, "H7_2", -50, -250, "B", "DIP", "GND", "GND", "C", 66.93, 66.93, 43.31, 0],
		[29, "H7_3", 50, -250, "T", "DIP", "GND", "GND", "C", 66.93, 66.93, 43.31, 0],
		[30, "H7_3", 50, -250, "B", "DIP", "GND", "GND", "C", 66.93, 66.93, 43.31, 0],
		[31, "H7_4", 150, -250, "T", "DIP", "GND", "GND", "C", 66.93, 66.93, 43.31, 0],
		[32, "H7_4", 150, -250, "B", "DIP", "GND", "GND", "C", 66.93, 66.93, 43.31, 0],
		[33, "R1_1", 130, -40.34, "T", "SMD", "$1N329", "", "R", 31.75, 34.02, 0, 270],
		[34, "R1_2", 130, -99.66, "T", "SMD", "VOUT", "", "R", 31.75, 34.02, 0, 270],
		[35, "R2_1", 130, 99.66, "T", "SMD", "GND", "GND", "R", 31.75, 34.02, 0, 270],
		[36, "R2_2", 130, 40.34, "T", "SMD", "$1N329", "", "R", 31.75, 34.02, 0, 270],
		[37, "R3_1", -70.34, 240, "T", "SMD", "R3_1", "", "R", 31.75, 34.02, 0, 180],
		[38, "R3_2", -129.66, 240, "T", "SMD", "R3_2", "", "R", 31.75, 34.02, 0, 180],
		[39, "R4_1", 129.66, 240, "T", "SMD", "R4_1", "", "R", 31.75, 34.02, 0, 180],
		[40, "R4_2", 70.34, 240, "T", "SMD", "R4_2", "", "R", 31.75, 34.02, 0, 180],
		[41, "U1_1", -44.3, 38.38, "T", "SMD", "VIN", "", "R", 25.59, 17.72, 0, 0],
		[42, "U1_2", -44.3, 12.8, "T", "SMD", "VIN", "", "R", 25.59, 17.72, 0, 0],
		[43, "U1_3", -44.3, -12.8, "T", "SMD", "GND", "GND", "R", 25.59, 17.72, 0, 0],
		[44, "U1_4", -44.3, -38.38, "T", "SMD", "VOUT", "", "R", 25.59, 17.72, 0, 0],
		[45, "U1_5", 44.3, -38.38, "T", "SMD", "VOUT", "", "R", 25.59, 17.72, 0, 0],
		[46, "U1_6", 44.3, -12.8, "T", "SMD", "$1N329", "", "R", 25.59, 17.72, 0, 0],
		[47, "U1_7", 44.3, 12.8, "T", "SMD", "U1_7", "", "R", 25.59, 17.72, 0, 0],
		[48, "U1_8", 44.3, 38.38, "T", "SMD", "$1N675", "", "R", 25.59, 17.72, 0, 0],
		[49, "U1_9", 0.01, -0.01, "T", "SMD", "GND", "GND", "R", 74.8, 43.31, 0, 90]
	]
}
}