{
"lengthUnit": "mil",
"components": {
	"fields": ["COMPONENT_NO", "COMPONENT_NAME", "LAYER", "X_COORDINATE", "Y_COORDINATE", "ANGLE"],
	"rows": [
		[1, "C1", "B", 260.6, -90.7, 180],
		[2, "C2", "B", 260.6, 129.3, 0],
		[3, "C4", "B", 110, 20, 90],
		[4, "H1", "T", 555.6, 19.3, 90],
		[5, "LED1", "T", 553.65, 380.71, 180],
		[6, "LED2", "T", 553.65, -339.71, 180],
		[7, "R1", "B", -359.4, -143.2, 90],
		[8, "R2", "B", -359.4, 181.8, 90],
		[9, "R3", "B", 385.6, 94.3, 90],
		[10, "R4", "B", 385.6, -55.7, 270],
		[11, "SW1", "B", -239.4, 181.8, 270],
		[12, "SW2", "B", -239.4, -143.2, 270],
		[13, "U1", "T", 15.6, 19.3, 90],
		[14, "U2", "B", 260.6, 19.3, 270],
		[15, "PAD1", "B", -129.4, 364.3, 0],
		[16, "PAD2", "B", -29.4, 364.3, 0],
		[17, "PAD3", "B", 73.1, 364.3, 0],
		[18, "PAD4", "B", 170.6, 364.3, 0],
		[19, "PAD5", "B", 170.6, -325.7, 0],
		[20, "PAD6", "B", 70.6, -325.7, 0],
		[21, "PAD7", "B", -29.4, -325.7, 0],
		[22, "PAD8", "B", -129.4, -325.7, 0]
	]
},
"pins": {
	"fields": ["PIN_NO", "PIN_NAME", "PIN_X", "PIN_Y", "LAYER", "PIN_TYPE", "NET_NAME", "NET_TYPE", "PAD_SHAPE", "PAD_SIZEX", "PAD_SIZEY", "HOLE_SIZE", "PAD_ANGLE"],
	"rows": [
		[1, "C1_1", 288.16, -90.7, "B", "SMD", "GND", "GND", "R", 31.5, 35.43, 0, 180],
		[2, "C1_2", 233.04, -90.7, "B", "SMD", "$1N938", "", "R", 31.5, 35.43, 0, 180],
		[3, "C2_1", 233.04, 129.3, "B", "SMD", "3V3", "", "R", 31.5, 35.43, 0, 0],
		[4, "C2_2", 288.16, 129.3, "B", "SMD", "GND", "GND", "R", 31.5, 35.43, 0, 0],
		[5, "C4_1", 110, -42.7, "B", "SMD", "GND", "GND", "R", 58.47, 68.03, 0, 90],
		[6, "C4_2", 110, 82.7, "B", "SMD", "3V3", "", "R", 58.47, 68.03, 0, 90],
		[7, "H1_1", 555.6, -230.7, "T", "DIP", "RX0", "", "C", 66.93, 66.93, 43.31, 90],
		[8, "H1_1", 555.6, -230.7, "B", "DIP", "RX0", "", "C", 66.93, 66.93, 43.31, 90],
		[9, "H1_2", 555.6, -130.7, "T", "DIP", "TX0", "", "C", 66.93, 66.93, 43.31, 90],
		[10, "H1_2", 555.6, -130.7, "B", "DIP", "TX0", "", "C", 66.93, 66.93, 43.31, 90],
		[11, "H1_3", 555.6, -30.7, "T", "DIP", "IO16", "", "C", 66.93, 66.93, 43.31, 90],
		[12, "H1_3", 555.6, -30.7, "B", "DIP", "IO16", "", "C", 66.93, 66.93, 43.31, 90],
		[13, "H1_4", 555.6, 69.3, "T", "DIP", "IO17", "", "C", 66.93, 66.93, 43.31, 90],
		[14, "H1_4", 555.6, 69.3, "B", "DIP", "IO17", "", "C", 66.93, 66.93, 43.31, 90],
		[15, "H1_5", 555.6, 169.3, "T", "DIP", "GND", "GND", "C", 66.93, 66.93, 43.31, 90],
		[16, "H1_5", 555.6, 169.3, "B", "DIP", "GND", "GND", "C", 66.93, 66.93, 43.31, 90],
		[17, "H1_6", 555.6, 269.3, "T", "DIP", "VCC", "", "C", 66.93, 66.93, 43.31, 90],
		[18, "H1_6", 555.6, 269.3, "B", "DIP", "VCC", "", "C", 66.93, 66.93, 43.31, 90],
		[19, "LED1_1", 585.13, 380.84, "T", "SMD", "$1N1274", "", "R", 31.5, 31.5, 0, 270],
		[20, "LED1_2", 522.17, 380.57, "T", "SMD", "3V3", "", "R", 31.5, 31.5, 0, 270],
		[21, "LED2_1", 585.13, -339.58, "T", "SMD", "$1N1815", "", "R", 31.5, 31.5, 0, 270],
		[22, "LED2_2", 522.17, -339.85, "T", "SMD", "IO12", "", "R", 31.5, 31.5, 0, 270],
		[23, "R1_1", -359.4, -172.86, "B", "SMD", "$1N617", "", "R", 31.75, 34.02, 0, 90],
		[24, "R1_2", -359.4, -113.54, "B", "SMD", "3V3", "", "R", 31.75, 34.02, 0, 90],
		[25, "R2_1", -359.4, 152.14, "B", "SMD", "$1N649", "", "R", 31.75, 34.02, 0, 90],
		[26, "R2_2", -359.4, 211.46, "B", "SMD", "3V3", "", "R", 31.75, 34.02, 0, 90],
		[27, "R3_1", 385.6, 64.64, "B", "SMD", "GND", "GND", "R", 31.75, 34.02, 0, 90],
		[28, "R3_2", 385.6, 123.96, "B", "SMD", "$1N1274", "", "R", 31.75, 34.02, 0, 90],
		[29, "R4_1", 385.6, -26.04, "B", "SMD", "GND", "GND", "R", 31.75, 34.02, 0, 270],
		[30, "R4_2", 385.6, -85.36, "B", "SMD", "$1N1815", "", "R", 31.75, 34.02, 0, 270],
		[31, "SW1_1", -239.4, 267.82, "B", "SMD", "GND", "GND", "R", 48.42, 53.54, 0, 270],
		[32, "SW1_2", -239.4, 95.78, "B", "SMD", "$1N649", "", "R", 48.42, 53.54, 0, 270],
		[33, "SW2_1", -239.4, -57.18, "B", "SMD", "GND", "GND", "R", 48.42, 53.54, 0, 270],
		[34, "SW2_2", -239.4, -229.22, "B", "SMD", "$1N617", "", "R", 48.42, 53.54, 0, 270],
		[35, "U1_1", -338.93, -335.03, "T", "SMD", "GND", "GND", "R", 78.74, 35.43, 0, 90],
		[36, "U1_2", -288.93, -335.03, "T", "SMD", "3V3", "", "R", 78.74, 35.43, 0, 90],
		[37, "U1_3", -238.93, -335.03, "T", "SMD", "$1N617", "", "R", 78.74, 35.43, 0, 90],
		[38, "U1_4", -188.93, -335.03, "T", "SMD", "U1_4", "", "R", 78.74, 35.43, 0, 90],
		[39, "U1_5", -138.93, -335.03, "T", "SMD", "U1_5", "", "R", 78.74, 35.43, 0, 90],
		[40, "U1_6", -88.93, -335.03, "T", "SMD", "U1_6", "", "R", 78.74, 35.43, 0, 90],
		[41, "U1_7", -38.93, -335.03, "T", "SMD", "U1_7", "", "R", 78.74, 35.43, 0, 90],
		[42, "U1_8", 11.07, -335.03, "T", "SMD", "U1_8", "", "R", 78.74, 35.43, 0, 90],
		[43, "U1_9", 61.07, -335.03, "T", "SMD", "U1_9", "", "R", 78.74, 35.43, 0, 90],
		[44, "U1_10", 111.07, -335.03, "T", "SMD", "IO25", "", "R", 78.74, 35.43, 0, 90],
		[45, "U1_11", 161.07, -335.03, "T", "SMD", "IO26", "", "R", 78.74, 35.43, 0, 90],
		[46, "U1_12", 211.07, -335.03, "T", "SMD", "IO27", "", "R", 78.74, 35.43, 0, 90],
		[47, "U1_13", 261.07, -335.03, "T", "SMD", "IO14", "", "R", 78.74, 35.43, 0, 90],
		[48, "U1_14", 311.07, -335.03, "T", "SMD", "IO12", "", "R", 78.74, 35.43, 0, 90],
		[49, "U1_15", 370.13, -205.7, "T", "SMD", "GND", "GND", "R", 78.74, 35.43, 0, 0],
		[50, "U1_16", 370.13, -155.7, "T", "SMD", "U1_16", "", "R", 78.74, 35.43, 0, 0],
		[51, "U1_17", 370.13, -105.7, "T", "SMD", "U1_17", "", "R", 78.74, 35.43, 0, 0],
		[52, "U1_18", 370.13, -55.7, "T", "SMD", "U1_18", "", "R", 78.74, 35.43, 0, 0],
		[53, "U1_19", 370.13, -5.7, "T", "SMD", "U1_19", "", "R", 78.74, 35.43, 0, 0],
		[54, "U1_20", 370.13, 44.3, "T", "SMD", "U1_20", "", "R", 78.74, 35.43, 0, 0],
		[55, "U1_21", 370.13, 94.3, "T", "SMD", "U1_21", "", "R", 78.74, 35.43, 0, 0],
		[56, "U1_22", 370.13, 144.3, "T", "SMD", "U1_22", "", "R", 78.74, 35.43, 0, 0],
		[57, "U1_23", 370.13, 194.3, "T", "SMD", "U1_23", "", "R", 78.74, 35.43, 0, 0],
		[58, "U1_24", 370.13, 244.3, "T", "SMD", "U1_24", "", "R", 78.74, 35.43, 0, 0],
		[59, "U1_25", 311.07, 373.63, "T", "SMD", "$1N649", "", "R", 78.74, 35.43, 0, 90],
		[60, "U1_26", 261.07, 373.63, "T", "SMD", "U1_26", "", "R", 78.74, 35.43, 0, 90],
		[61, "U1_27", 211.07, 373.63, "T", "SMD", "IO16", "", "R", 78.74, 35.43, 0, 90],
		[62, "U1_28", 161.07, 373.63, "T", "SMD", "IO17", "", "R", 78.74, 35.43, 0, 90],
		[63, "U1_29", 111.07, 373.63, "T", "SMD", "IO5", "", "R", 78.74, 35.43, 0, 90],
		[64, "U1_30", 61.07, 373.63, "T", "SMD", "IO18", "", "R", 78.74, 35.43, 0, 90],
		[65, "U1_31", 11.07, 373.63, "T", "SMD", "IO19", "", "R", 78.74, 35.43, 0, 90],
		[66, "U1_32", -38.93, 373.63, "T", "SMD", "U1_32", "", "R", 78.74, 35.43, 0, 90],
		[67, "U1_33", -88.93, 373.63, "T", "SMD", "IO21", "", "R", 78.74, 35.43, 0, 90],
		[68, "U1_34", -138.93, 373.63, "T", "SMD", "RX0", "", "R", 78.74, 35.43, 0, 90],
		[69, "U1_35", -188.93, 373.63, "T", "SMD", "TX0", "", "R", 78.74, 35.43, 0, 90],
		[70, "U1_36", -238.93, 373.63, "T", "SMD", "U1_36", "", "R", 78.74, 35.43, 0, 90],
		[71, "U1_37", -288.93, 373.63, "T", "SMD", "U1_37", "", "R", 78.74, 35.43, 0, 90],
		[72, "U1_38", -338.93, 373.63, "T", "SMD", "GND", "GND", "R", 78.74, 35.43, 0, 90],
		[73, "U1_39", -49.94, -7.47, "T", "SMD", "GND", "GND", "R", 161.42, 161.42, 0, 90],
		[74, "U2_1", 306.02, 56.7, "B", "SMD", "VCC", "", "R", 19.29, 45.55, 0, 270],
		[75, "U2_2", 306.02, 19.3, "B", "SMD", "GND", "GND", "R", 19.29, 45.55, 0, 270],
		[76, "U2_3", 306.02, -18.1, "B", "SMD", "VCC", "", "R", 19.29, 45.55, 0, 270],
		[77, "U2_4", 215.18, -18.1, "B", "SMD", "$1N938", "", "R", 19.29, 46.26, 0, 270],
		[78, "U2_5", 215.18, 56.7, "B", "SMD", "3V3", "", "R", 19.29, 46.26, 0, 270],
		[79, "PAD1_40", -129.4, 364.3, "B", "SMD", "IO21", "", "R", 60, 100, 0, 180],
		[80, "PAD2_40", -29.4, 364.3, "B", "SMD", "IO19", "", "R", 60, 100, 0, 180],
		[81, "PAD3_40", 73.1, 364.3, "B", "SMD", "IO18", "", "R", 60, 100, 0, 180],
		[82, "PAD4_40", 170.6, 364.3, "B", "SMD", "IO5", "", "R", 60, 100, 0, 180],
		[83, "PAD5_40", 170.6, -325.7, "B", "SMD", "IO14", "", "R", 60, 100, 0, 180],
		[84, "PAD6_40", 70.6, -325.7, "B", "SMD", "IO27", "", "R", 60, 100, 0, 180],
		[85, "PAD7_40", -29.4, -325.7, "B", "SMD", "IO26", "", "R", 60, 100, 0, 180],
		[86, "PAD8_40", -129.4, -325.7, "B", "SMD", "IO25", "", "R", 60, 100, 0, 180]
	]
}
}