{
"lengthUnit": "mil",
"components": {
	"fields": ["COMPONENT_NO", "COMPONENT_NAME", "LAYER", "X_COORDINATE", "Y_COORDINATE", "ANGLE"],
	"rows": [
		[1, "C1", "T", 1520.59, -1042, 180],
		[2, "C5", "T", 239.59, -1431, 0],
		[3, "C6", "T", 239.59, -1206, 180],
		[4, "C7", "T", 239.59, -1131, 180],
		[5, "C8", "T", 239.59, -1056, 180],
		[6, "C9", "T", 239.59, -1506, 0],
		[7, "C10", "T", 1520.59, -1468, 180],
		[8, "C11", "T", 1520.59, -1369, 180],
		[9, "C12", "T", 1520.59, -1244, 180],
		[10, "C13", "T", 1520.59, -1158, 180],
		[11, "C14", "T", 13.59, -1119, 0],
		[12, "C15", "T", 13.59, -1519, 0],
		[13, "C19", "T", 1244.59, -894, 180],
		[14, "C21", "T", 1244.59, -1658, 180],
		[15, "C22", "T", 1244.59, -1734, 180],
		[16, "C23", "T", 1244.59, -968, 180],
		[17, "D4", "T", 13.59, -1594, 0],
		[18, "D5", "T", 239.59, -1581, 0],
		[19, "D6", "T", 13.59, -1034, 0],
		[20, "H3", "T", -165.41, -1015, 270],
		[21, "LED1", "T", 127, -1423, 90],
		[22, "LED2", "T", 126.57, -1220, 270],
		[23, "R1", "T", 1374.59, -1042, 180],
		[24, "R5", "T", 126.79, -1562, 90],
		[25, "R6", "T", 126.79, -1076, 270],
		[26, "R9", "T", 13.59, -1194, 0],
		[27, "R10", "T", 13.59, -1444, 180],
		[28, "SW1", "T", 433.59, -1319, 270],
		[29, "SW2", "T", 295.01, -932.84, 0],
		[30, "SW3", "T", 295.01, -1693.84, 0],
		[31, "TYPEC", "T", -205.41, -1608, 270],
		[32, "U2", "T", 264.59, -1319, 270],
		[33, "U11", "T", 13.53, -1318.16, 0],
		[34, "U12", "T", 684.59, -714, 0],
		[35, "U13", "T", 684.59, -1914, 0],
		[36, "U17", "T", 884.59, -1314, 90],
		[37, "X1", "T", 1379.12, -1418.46, 270],
		[38, "X2", "T", 1374.59, -1201, 270]
	]
},
"pins": {
	"fields": ["PIN_NO", "PIN_NAME", "PIN_X", "PIN_Y", "LAYER", "PIN_TYPE", "NET_NAME", "NET_TYPE", "PAD_SHAPE", "PAD_SIZEX", "PAD_SIZEY", "HOLE_SIZE", "PAD_ANGLE"],
	"rows": [
		[1, "C1_1", 1548.15, -1042, "T", "SMD", "GND", "GND", "R", 31.5, 35.43, 0, 180],
		[2, "C1_2", 1493.03, -1042, "T", "SMD", "NRST", "", "R", 31.5, 35.43, 0, 180],
		[3, "C5_1", 212.03, -1431, "T", "SMD", "GND", "GND", "R", 31.5, 35.43, 0, 0],
		[4, "C5_2", 267.15, -1431, "T", "SMD", "$1N1418", "", "R", 31.5, 35.43, 0, 0],
		[5, "C6_1", 267.15, -1206, "T", "SMD", "3V3", "", "R", 31.5, 35.43, 0, 180],
		[6, "C6_2", 212.03, -1206, "T", "SMD", "GND", "GND", "R", 31.5, 35.43, 0, 180],
		[7, "C7_1", 267.15, -1131, "T", "SMD", "3V3", "", "R", 31.5, 35.43, 0, 180],
		[8, "C7_2", 212.03, -1131, "T", "SMD", "GND", "GND", "R", 31.5, 35.43, 0, 180],
		[9, "C8_1", 267.15, -1056, "T", "SMD", "PB11", "", "R", 31.5, 35.43, 0, 180],
		[10, "C8_2", 212.03, -1056, "T", "SMD", "GND", "GND", "R", 31.5, 35.43, 0, 180],
		[11, "C9_1", 212.03, -1506, "T", "SMD", "GND", "GND", "R", 31.5, 35.43, 0, 0],
		[12, "C9_2", 267.15, -1506, "T", "SMD", "PD2", "", "R", 31.5, 35.43, 0, 0],
		[13, "C10_1", 1548.15, -1468, "T", "SMD", "GND", "GND", "R", 31.5, 35.43, 0, 180],
		[14, "C10_2", 1493.03, -1468, "T", "SMD", "L_IN_1", "", "R", 31.5, 35.43, 0, 180],
		[15, "C11_1", 1548.15, -1369, "T", "SMD", "GND", "GND", "R", 31.5, 35.43, 0, 180],
		[16, "C11_2", 1493.03, -1369, "T", "SMD", "L_IN_2", "", "R", 31.5, 35.43, 0, 180],
		[17, "C12_1", 1548.15, -1244, "T", "SMD", "GND", "GND", "R", 31.5, 35.43, 0, 180],
		[18, "C12_2", 1493.03, -1244, "T", "SMD", "H_IN_1", "", "R", 31.5, 35.43, 0, 180],
		[19, "C13_1", 1548.15, -1158, "T", "SMD", "GND", "GND", "R", 31.5, 35.43, 0, 180],
		[20, "C13_2", 1493.03, -1158, "T", "SMD", "H_IN_2", "", "R", 31.5, 35.43, 0, 180],
		[21, "C14_1", -13.97, -1119, "T", "SMD", "GND", "GND", "R", 31.5, 35.43, 0, 0],
		[22, "C14_2", 41.15, -1119, "T", "SMD", "VCC", "", "R", 31.5, 35.43, 0, 0],
		[23, "C15_1", -13.97, -1519, "T", "SMD", "GND", "GND", "R", 31.5, 35.43, 0, 0],
		[24, "C15_2", 41.15, -1519, "T", "SMD", "5V", "", "R", 31.5, 35.43, 0, 0],
		[25, "C19_1", 1272.15, -894, "T", "SMD", "GND", "GND", "R", 31.5, 35.43, 0, 180],
		[26, "C19_2", 1217.03, -894, "T", "SMD", "3V3", "", "R", 31.5, 35.43, 0, 180],
		[27, "C21_1", 1272.15, -1658, "T", "SMD", "GND", "GND", "R", 31.5, 35.43, 0, 180],
		[28, "C21_2", 1217.03, -1658, "T", "SMD", "3V3", "", "R", 31.5, 35.43, 0, 180],
		[29, "C22_1", 1272.15, -1734, "T", "SMD", "GND", "GND", "R", 31.5, 35.43, 0, 180],
		[30, "C22_2", 1217.03, -1734, "T", "SMD", "3V3", "", "R", 31.5, 35.43, 0, 180],
		[31, "C23_1", 1272.15, -968, "T", "SMD", "GND", "GND", "R", 31.5, 35.43, 0, 180],
		[32, "C23_2", 1217.03, -968, "T", "SMD", "3V3", "", "R", 31.5, 35.43, 0, 180],
		[33, "D4_1", -10.88, -1594, "T", "SMD", "GND", "GND", "R", 34.38, 35.72, 0, 0],
		[34, "D4_2", 38.06, -1594, "T", "SMD", "5V", "", "R", 34.38, 35.72, 0, 0],
		[35, "D5_1", 215.12, -1581, "T", "SMD", "GND", "GND", "R", 34.38, 35.72, 0, 0],
		[36, "D5_2", 264.06, -1581, "T", "SMD", "3V3", "", "R", 34.38, 35.72, 0, 0],
		[37, "D6_1", -10.88, -1034, "T", "SMD", "GND", "GND", "R", 34.38, 35.72, 0, 0],
		[38, "D6_2", 38.06, -1034, "T", "SMD", "VCC", "", "R", 34.38, 35.72, 0, 0],
		[39, "H3_1", -215.41, -865, "T", "DIP", "GND", "GND", "C", 70, 70, 43.31, 90],
		[40, "H3_1", -215.41, -865, "B", "DIP", "GND", "GND", "C", 70, 70, 43.31, 90],
		[41, "H3_2", -115.41, -865, "T", "DIP", "SWCLK", "", "C", 70.87, 70.87, 43.31, 90],
		[42, "H3_2", -115.41, -865, "B", "DIP", "SWCLK", "", "C", 70.87, 70.87, 43.31, 90],
		[43, "H3_3", -215.41, -965, "T", "DIP", "VCC", "", "C", 70.87, 70.87, 43.31, 90],
		[44, "H3_3", -215.41, -965, "B", "DIP", "VCC", "", "C", 70.87, 70.87, 43.31, 90],
		[45, "H3_4", -115.41, -965, "T", "DIP", "VCC", "", "C", 70.87, 70.87, 43.31, 90],
		[46, "H3_4", -115.41, -965, "B", "DIP", "VCC", "", "C", 70.87, 70.87, 43.31, 90],
		[47, "H3_5", -215.41, -1065, "T", "DIP", "PC4", "", "C", 70.87, 70.87, 43.31, 90],
		[48, "H3_5", -215.41, -1065, "B", "DIP", "PC4", "", "C", 70.87, 70.87, 43.31, 90],
		[49, "H3_6", -115.41, -1065, "T", "DIP", "GND", "GND", "C", 70.87, 70.87, 43.31, 90],
		[50, "H3_6", -115.41, -1065, "B", "DIP", "GND", "GND", "C", 70.87, 70.87, 43.31, 90],
		[51, "H3_7", -215.41, -1165, "T", "DIP", "PC5", "", "C", 70.87, 70.87, 43.31, 90],
		[52, "H3_7", -215.41, -1165, "B", "DIP", "PC5", "", "C", 70.87, 70.87, 43.31, 90],
		[53, "H3_8", -115.41, -1165, "T", "DIP", "SWDIO", "", "C", 70.87, 70.87, 43.31, 90],
		[54, "H3_8", -115.41, -1165, "B", "DIP", "SWDIO", "", "C", 70.87, 70.87, 43.31, 90],
		[55, "LED1_1", 127.13, -1454.48, "T", "SMD", "$1N18671", "", "R", 31.5, 31.5, 0, 180],
		[56, "LED1_2", 126.86, -1391.52, "T", "SMD", "PC13", "", "R", 31.5, 31.5, 0, 180],
		[57, "LED2_1", 126.44, -1188.52, "T", "SMD", "$1N2545", "", "R", 31.5, 31.5, 0, 0],
		[58, "LED2_2", 126.71, -1251.48, "T", "SMD", "3V3", "", "R", 31.5, 31.5, 0, 0],
		[59, "R1_1", 1404.25, -1042, "T", "SMD", "NRST", "", "R", 31.75, 34.02, 0, 180],
		[60, "R1_2", 1344.93, -1042, "T", "SMD", "3V3", "", "R", 31.75, 34.02, 0, 180],
		[61, "R5_1", 126.79, -1591.66, "T", "SMD", "GND", "GND", "R", 31.75, 34.02, 0, 90],
		[62, "R5_2", 126.79, -1532.34, "T", "SMD", "$1N18671", "", "R", 31.75, 34.02, 0, 90],
		[63, "R6_1", 126.79, -1046.34, "T", "SMD", "GND", "GND", "R", 31.75, 34.02, 0, 270],
		[64, "R6_2", 126.79, -1105.66, "T", "SMD", "$1N2545", "", "R", 31.75, 34.02, 0, 270],
		[65, "R9_1", -16.07, -1194, "T", "SMD", "$1N13658", "", "R", 31.75, 34.02, 0, 0],
		[66, "R9_2", 43.25, -1194, "T", "SMD", "VCC", "", "R", 31.75, 34.02, 0, 0],
		[67, "R10_1", 43.25, -1444, "T", "SMD", "GND", "GND", "R", 31.75, 34.02, 0, 180],
		[68, "R10_2", -16.07, -1444, "T", "SMD", "$1N13658", "", "R", 31.75, 34.02, 0, 180],
		[69, "SW1_1", 433.59, -1161.52, "T", "SMD", "GND", "GND", "R", 74.8, 59.05, 0, 270],
		[70, "SW1_2", 433.59, -1476.48, "T", "SMD", "NRST", "", "R", 74.8, 59.05, 0, 270],
		[71, "SW2_1", 137.53, -932.84, "T", "SMD", "GND", "GND", "R", 74.8, 59.05, 0, 0],
		[72, "SW2_2", 452.49, -932.84, "T", "SMD", "PB11", "", "R", 74.8, 59.05, 0, 0],
		[73, "SW3_1", 137.53, -1693.84, "T", "SMD", "GND", "GND", "R", 74.8, 59.05, 0, 0],
		[74, "SW3_2", 452.49, -1693.84, "T", "SMD", "PD2", "", "R", 74.8, 59.05, 0, 0],
		[75, "TYPEC_7", -135.53, -1400.55, "T", "SMD", "GND", "GND", "R", 86.61, 39.37, 0, 270],
		[76, "TYPEC_7", -135.53, -1815.45, "T", "SMD", "GND", "GND", "R", 86.61, 39.37, 0, 270],
		[77, "TYPEC_7", -277.26, -1398.55, "T", "SMD", "GND", "GND", "R", 55.12, 78.74, 0, 0],
		[78, "TYPEC_7", -277.26, -1817.45, "T", "SMD", "GND", "GND", "R", 55.12, 78.74, 0, 0],
		[79, "TYPEC_A12", -133.56, -1716.27, "T", "SMD", "GND", "GND", "R", 35.43, 51.18, 0, 270],
		[80, "TYPEC_A5", -133.56, -1588.31, "T", "SMD", "TYPEC_A5", "", "R", 27.56, 51.18, 0, 270],
		[81, "TYPEC_A9", -133.56, -1667.84, "T", "SMD", "VCC", "", "R", 31.5, 51.18, 0, 270],
		[82, "TYPEC_B12", -133.56, -1499.73, "T", "SMD", "GND", "GND", "R", 35.43, 51.18, 0, 270],
		[83, "TYPEC_B5", -133.56, -1627.69, "T", "SMD", "TYPEC_B5", "", "R", 27.56, 51.18, 0, 270],
		[84, "TYPEC_B9", -133.56, -1548.16, "T", "SMD", "VCC", "", "R", 31.5, 51.18, 0, 270],
		[85, "U2_1", 219.17, -1281.6, "T", "SMD", "5V", "", "R", 19.29, 45.55, 0, 270],
		[86, "U2_2", 219.17, -1319, "T", "SMD", "GND", "GND", "R", 19.29, 45.55, 0, 270],
		[87, "U2_3", 219.17, -1356.4, "T", "SMD", "5V", "", "R", 19.29, 45.55, 0, 270],
		[88, "U2_4", 310.01, -1356.4, "T", "SMD", "$1N1418", "", "R", 19.29, 46.26, 0, 270],
		[89, "U2_5", 310.01, -1281.6, "T", "SMD", "3V3", "", "R", 19.29, 46.26, 0, 270],
		[90, "U11_1", -23.87, -1363.4, "T", "SMD", "$1N13658", "", "R", 20.95, 42.2, 0, 0],
		[91, "U11_2", 13.53, -1363.4, "T", "SMD", "U11_2", "", "R", 20.95, 42.2, 0, 0],
		[92, "U11_3", 50.93, -1363.4, "T", "SMD", "5V", "", "R", 20.95, 42.2, 0, 0],
		[93, "U11_4", 50.93, -1272.92, "T", "SMD", "VCC", "", "R", 20.95, 42.2, 0, 0],
		[94, "U11_5", 13.53, -1272.92, "T", "SMD", "VCC", "", "R", 20.95, 42.2, 0, 0],
		[95, "U11_6", -23.87, -1272.92, "T", "SMD", "GND", "GND", "R", 20.95, 42.2, 0, 0],
		[96, "U12_1", -15.41, -764, "T", "DIP", "VCC", "", "C", 70.87, 70.87, 43.31, 0],
		[97, "U12_1", -15.41, -764, "B", "DIP", "VCC", "", "C", 70.87, 70.87, 43.31, 0],
		[98, "U12_2", -15.41, -664, "T", "DIP", "GND", "GND", "C", 70.87, 70.87, 43.31, 0],
		[99, "U12_2", -15.41, -664, "B", "DIP", "GND", "GND", "C", 70.87, 70.87, 43.31, 0],
		[100, "U12_3", 84.59, -764, "T", "DIP", "PC4", "", "C", 70.87, 70.87, 43.31, 0],
		[101, "U12_3", 84.59, -764, "B", "DIP", "PC4", "", "C", 70.87, 70.87, 43.31, 0],
		[102, "U12_4", 84.59, -664, "T", "DIP", "PC5", "", "C", 70.87, 70.87, 43.31, 0],
		[103, "U12_4", 84.59, -664, "B", "DIP", "PC5", "", "C", 70.87, 70.87, 43.31, 0],
		[104, "U12_5", 184.59, -764, "T", "DIP", "PA4", "", "C", 70.87, 70.87, 43.31, 0],
		[105, "U12_5", 184.59, -764, "B", "DIP", "PA4", "", "C", 70.87, 70.87, 43.31, 0],
		[106, "U12_6", 184.59, -664, "T", "DIP", "PA3", "", "C", 70.87, 70.87, 43.31, 0],
		[107, "U12_6", 184.59, -664, "B", "DIP", "PA3", "", "C", 70.87, 70.87, 43.31, 0],
		[108, "U12_7", 284.59, -764, "T", "DIP", "PA2", "", "C", 70.87, 70.87, 43.31, 0],
		[109, "U12_7", 284.59, -764, "B", "DIP", "PA2", "", "C", 70.87, 70.87, 43.31, 0],
		[110, "U12_8", 284.59, -664, "T", "DIP", "PE10", "", "C", 70.87, 70.87, 43.31, 0],
		[111, "U12_8", 284.59, -664, "B", "DIP", "PE10", "", "C", 70.87, 70.87, 43.31, 0],
		[112, "U12_9", 384.59, -764, "T", "DIP", "PC7", "", "C", 70.87, 70.87, 43.31, 0],
		[113, "U12_9", 384.59, -764, "B", "DIP", "PC7", "", "C", 70.87, 70.87, 43.31, 0],
		[114, "U12_10", 384.59, -664, "T", "DIP", "PC6", "", "C", 70.87, 70.87, 43.31, 0],
		[115, "U12_10", 384.59, -664, "B", "DIP", "PC6", "", "C", 70.87, 70.87, 43.31, 0],
		[116, "U12_11", 484.59, -764, "T", "DIP", "PB14", "", "C", 70.87, 70.87, 43.31, 0],
		[117, "U12_11", 484.59, -764, "B", "DIP", "PB14", "", "C", 70.87, 70.87, 43.31, 0],
		[118, "U12_12", 484.59, -664, "T", "DIP", "PB15", "", "C", 70.87, 70.87, 43.31, 0],
		[119, "U12_12", 484.59, -664, "B", "DIP", "PB15", "", "C", 70.87, 70.87, 43.31, 0],
		[120, "U12_13", 584.59, -764, "T", "DIP", "PC9", "", "C", 70.87, 70.87, 43.31, 0],
		[121, "U12_13", 584.59, -764, "B", "DIP", "PC9", "", "C", 70.87, 70.87, 43.31, 0],
		[122, "U12_14", 584.59, -664, "T", "DIP", "PC8", "", "C", 70.87, 70.87, 43.31, 0],
		[123, "U12_14", 584.59, -664, "B", "DIP", "PC8", "", "C", 70.87, 70.87, 43.31, 0],
		[124, "U12_15", 684.59, -764, "T", "DIP", "PE15", "", "C", 70.87, 70.87, 43.31, 0],
		[125, "U12_15", 684.59, -764, "B", "DIP", "PE15", "", "C", 70.87, 70.87, 43.31, 0],
		[126, "U12_16", 684.59, -664, "T", "DIP", "PB10", "", "C", 70.87, 70.87, 43.31, 0],
		[127, "U12_16", 684.59, -664, "B", "DIP", "PB10", "", "C", 70.87, 70.87, 43.31, 0],
		[128, "U12_17", 784.59, -764, "T", "DIP", "PC11", "", "C", 70.87, 70.87, 43.31, 0],
		[129, "U12_17", 784.59, -764, "B", "DIP", "PC11", "", "C", 70.87, 70.87, 43.31, 0],
		[130, "U12_18", 784.59, -664, "T", "DIP", "PC10", "", "C", 70.87, 70.87, 43.31, 0],
		[131, "U12_18", 784.59, -664, "B", "DIP", "PC10", "", "C", 70.87, 70.87, 43.31, 0],
		[132, "U12_19", 884.59, -764, "T", "DIP", "PE8", "", "C", 70.87, 70.87, 43.31, 0],
		[133, "U12_19", 884.59, -764, "B", "DIP", "PE8", "", "C", 70.87, 70.87, 43.31, 0],
		[134, "U12_20", 884.59, -664, "T", "DIP", "PE7", "", "C", 70.87, 70.87, 43.31, 0],
		[135, "U12_20", 884.59, -664, "B", "DIP", "PE7", "", "C", 70.87, 70.87, 43.31, 0],
		[136, "U12_21", 984.59, -764, "T", "DIP", "PB2", "", "C", 70.87, 70.87, 43.31, 0],
		[137, "U12_21", 984.59, -764, "B", "DIP", "PB2", "", "C", 70.87, 70.87, 43.31, 0],
		[138, "U12_22", 984.59, -664, "T", "DIP", "PB1", "", "C", 70.87, 70.87, 43.31, 0],
		[139, "U12_22", 984.59, -664, "B", "DIP", "PB1", "", "C", 70.87, 70.87, 43.31, 0],
		[140, "U12_23", 1084.59, -764, "T", "DIP", "PA8", "", "C", 70.87, 70.87, 43.31, 0],
		[141, "U12_23", 1084.59, -764, "B", "DIP", "PA8", "", "C", 70.87, 70.87, 43.31, 0],
		[142, "U12_24", 1084.59, -664, "T", "DIP", "PA9", "", "C", 70.87, 70.87, 43.31, 0],
		[143, "U12_24", 1084.59, -664, "B", "DIP", "PA9", "", "C", 70.87, 70.87, 43.31, 0],
		[144, "U12_25", 1184.59, -764, "T", "DIP", "PC3", "", "C", 70.87, 70.87, 43.31, 0],
		[145, "U12_25", 1184.59, -764, "B", "DIP", "PC3", "", "C", 70.87, 70.87, 43.31, 0],
		[146, "U12_26", 1184.59, -664, "T", "DIP", "PC2", "", "C", 70.87, 70.87, 43.31, 0],
		[147, "U12_26", 1184.59, -664, "B", "DIP", "PC2", "", "C", 70.87, 70.87, 43.31, 0],
		[148, "U12_27", 1284.59, -764, "T", "DIP", "PC1", "", "C", 70.87, 70.87, 43.31, 0],
		[149, "U12_27", 1284.59, -764, "B", "DIP", "PC1", "", "C", 70.87, 70.87, 43.31, 0],
		[150, "U12_28", 1284.59, -664, "T", "DIP", "PC0", "", "C", 70.87, 70.87, 43.31, 0],
		[151, "U12_28", 1284.59, -664, "B", "DIP", "PC0", "", "C", 70.87, 70.87, 43.31, 0],
		[152, "U12_29", 1384.59, -764, "T", "DIP", "GND", "GND", "C", 70.87, 70.87, 43.31, 0],
		[153, "U12_29", 1384.59, -764, "B", "DIP", "GND", "GND", "C", 70.87, 70.87, 43.31, 0],
		[154, "U12_30", 1384.59, -664, "T", "DIP", "GND", "GND", "C", 70.87, 70.87, 43.31, 0],
		[155, "U12_30", 1384.59, -664, "B", "DIP", "GND", "GND", "C", 70.87, 70.87, 43.31, 0],
		[156, "U13_1", -15.41, -1964, "T", "DIP", "GND", "GND", "C", 70.87, 70.87, 43.31, 0],
		[157, "U13_1", -15.41, -1964, "B", "DIP", "GND", "GND", "C", 70.87, 70.87, 43.31, 0],
		[158, "U13_2", -15.41, -1864, "T", "DIP", "VCC", "", "C", 70.87, 70.87, 43.31, 0],
		[159, "U13_2", -15.41, -1864, "B", "DIP", "VCC", "", "C", 70.87, 70.87, 43.31, 0],
		[160, "U13_3", 84.59, -1964, "T", "DIP", "PA10", "", "C", 70.87, 70.87, 43.31, 0],
		[161, "U13_3", 84.59, -1964, "B", "DIP", "PA10", "", "C", 70.87, 70.87, 43.31, 0],
		[162, "U13_4", 84.59, -1864, "T", "DIP", "PC12", "", "C", 70.87, 70.87, 43.31, 0],
		[163, "U13_4", 84.59, -1864, "B", "DIP", "PC12", "", "C", 70.87, 70.87, 43.31, 0],
		[164, "U13_5", 184.59, -1964, "T", "DIP", "PA12", "", "C", 70.87, 70.87, 43.31, 0],
		[165, "U13_5", 184.59, -1964, "B", "DIP", "PA12", "", "C", 70.87, 70.87, 43.31, 0],
		[166, "U13_6", 184.59, -1864, "T", "DIP", "PA11", "", "C", 70.87, 70.87, 43.31, 0],
		[167, "U13_6", 184.59, -1864, "B", "DIP", "PA11", "", "C", 70.87, 70.87, 43.31, 0],
		[168, "U13_7", 284.59, -1964, "T", "DIP", "PE9", "", "C", 70.87, 70.87, 43.31, 0],
		[169, "U13_7", 284.59, -1964, "B", "DIP", "PE9", "", "C", 70.87, 70.87, 43.31, 0],
		[170, "U13_8", 284.59, -1864, "T", "DIP", "PE11", "", "C", 70.87, 70.87, 43.31, 0],
		[171, "U13_8", 284.59, -1864, "B", "DIP", "PE11", "", "C", 70.87, 70.87, 43.31, 0],
		[172, "U13_9", 384.59, -1964, "T", "DIP", "PD4", "", "C", 70.87, 70.87, 43.31, 0],
		[173, "U13_9", 384.59, -1964, "B", "DIP", "PD4", "", "C", 70.87, 70.87, 43.31, 0],
		[174, "U13_10", 384.59, -1864, "T", "DIP", "PD3", "", "C", 70.87, 70.87, 43.31, 0],
		[175, "U13_10", 384.59, -1864, "B", "DIP", "PD3", "", "C", 70.87, 70.87, 43.31, 0],
		[176, "U13_11", 484.59, -1964, "T", "DIP", "PD1", "", "C", 70.87, 70.87, 43.31, 0],
		[177, "U13_11", 484.59, -1964, "B", "DIP", "PD1", "", "C", 70.87, 70.87, 43.31, 0],
		[178, "U13_12", 484.59, -1864, "T", "DIP", "PD14", "", "C", 70.87, 70.87, 43.31, 0],
		[179, "U13_12", 484.59, -1864, "B", "DIP", "PD14", "", "C", 70.87, 70.87, 43.31, 0],
		[180, "U13_13", 584.59, -1964, "T", "DIP", "PA6", "", "C", 70.87, 70.87, 43.31, 0],
		[181, "U13_13", 584.59, -1964, "B", "DIP", "PA6", "", "C", 70.87, 70.87, 43.31, 0],
		[182, "U13_14", 584.59, -1864, "T", "DIP", "PA7", "", "C", 70.87, 70.87, 43.31, 0],
		[183, "U13_14", 584.59, -1864, "B", "DIP", "PA7", "", "C", 70.87, 70.87, 43.31, 0],
		[184, "U13_15", 684.59, -1964, "T", "DIP", "PF9", "", "C", 70.87, 70.87, 43.31, 0],
		[185, "U13_15", 684.59, -1964, "B", "DIP", "PF9", "", "C", 70.87, 70.87, 43.31, 0],
		[186, "U13_16", 684.59, -1864, "T", "DIP", "PA5", "", "C", 70.87, 70.87, 43.31, 0],
		[187, "U13_16", 684.59, -1864, "B", "DIP", "PA5", "", "C", 70.87, 70.87, 43.31, 0],
		[188, "U13_17", 784.59, -1964, "T", "DIP", "PD6", "", "C", 70.87, 70.87, 43.31, 0],
		[189, "U13_17", 784.59, -1964, "B", "DIP", "PD6", "", "C", 70.87, 70.87, 43.31, 0],
		[190, "U13_18", 784.59, -1864, "T", "DIP", "PD5", "", "C", 70.87, 70.87, 43.31, 0],
		[191, "U13_18", 784.59, -1864, "B", "DIP", "PD5", "", "C", 70.87, 70.87, 43.31, 0],
		[192, "U13_19", 884.59, -1964, "T", "DIP", "PB3", "", "C", 70.87, 70.87, 43.31, 0],
		[193, "U13_19", 884.59, -1964, "B", "DIP", "PB3", "", "C", 70.87, 70.87, 43.31, 0],
		[194, "U13_20", 884.59, -1864, "T", "DIP", "PD7", "", "C", 70.87, 70.87, 43.31, 0],
		[195, "U13_20", 884.59, -1864, "B", "DIP", "PD7", "", "C", 70.87, 70.87, 43.31, 0],
		[196, "U13_21", 984.59, -1964, "T", "DIP", "PB5", "", "C", 70.87, 70.87, 43.31, 0],
		[197, "U13_21", 984.59, -1964, "B", "DIP", "PB5", "", "C", 70.87, 70.87, 43.31, 0],
		[198, "U13_22", 984.59, -1864, "T", "DIP", "PB4", "", "C", 70.87, 70.87, 43.31, 0],
		[199, "U13_22", 984.59, -1864, "B", "DIP", "PB4", "", "C", 70.87, 70.87, 43.31, 0],
		[200, "U13_23", 1084.59, -1964, "T", "DIP", "PB7", "", "C", 70.87, 70.87, 43.31, 0],
		[201, "U13_23", 1084.59, -1964, "B", "DIP", "PB7", "", "C", 70.87, 70.87, 43.31, 0],
		[202, "U13_24", 1084.59, -1864, "T", "DIP", "PB6", "", "C", 70.87, 70.87, 43.31, 0],
		[203, "U13_24", 1084.59, -1864, "B", "DIP", "PB6", "", "C", 70.87, 70.87, 43.31, 0],
		[204, "U13_25", 1184.59, -1964, "T", "DIP", "PB9", "", "C", 70.87, 70.87, 43.31, 0],
		[205, "U13_25", 1184.59, -1964, "B", "DIP", "PB9", "", "C", 70.87, 70.87, 43.31, 0],
		[206, "U13_26", 1184.59, -1864, "T", "DIP", "PA15", "", "C", 70.87, 70.87, 43.31, 0],
		[207, "U13_26", 1184.59, -1864, "B", "DIP", "PA15", "", "C", 70.87, 70.87, 43.31, 0],
		[208, "U13_27", 1284.59, -1964, "T", "DIP", "PE1", "", "C", 70.87, 70.87, 43.31, 0],
		[209, "U13_27", 1284.59, -1964, "B", "DIP", "PE1", "", "C", 70.87, 70.87, 43.31, 0],
		[210, "U13_28", 1284.59, -1864, "T", "DIP", "PE0", "", "C", 70.87, 70.87, 43.31, 0],
		[211, "U13_28", 1284.59, -1864, "B", "DIP", "PE0", "", "C", 70.87, 70.87, 43.31, 0],
		[212, "U13_29", 1384.59, -1964, "T", "DIP", "GND", "GND", "C", 70.87, 70.87, 43.31, 0],
		[213, "U13_29", 1384.59, -1964, "B", "DIP", "GND", "GND", "C", 70.87, 70.87, 43.31, 0],
		[214, "U13_30", 1384.59, -1864, "T", "DIP", "PE6", "", "C", 70.87, 70.87, 43.31, 0],
		[215, "U13_30", 1384.59, -1864, "B", "DIP", "PE6", "", "C", 70.87, 70.87, 43.31, 0],
		[216, "U17_1", 1181.83, -1550.22, "T", "SMD", "U17_1", "", "O", 11.81, 62.99, 0, 90],
		[217, "U17_2", 1181.83, -1530.54, "T", "SMD", "U17_2", "", "O", 11.81, 62.99, 0, 90],
		[218, "U17_3", 1181.83, -1510.85, "T", "SMD", "U17_3", "", "O", 11.81, 62.99, 0, 90],
		[219, "U17_4", 1181.83, -1491.17, "T", "SMD", "U17_4", "", "O", 11.81, 62.99, 0, 90],
		[220, "U17_5", 1181.83, -1471.48, "T", "SMD", "PE6", "", "O", 11.81, 62.99, 0, 90],
		[221, "U17_6", 1181.83, -1451.8, "T", "SMD", "3V3", "", "O", 11.81, 62.99, 0, 90],
		[222, "U17_7", 1181.83, -1432.11, "T", "SMD", "PC13", "", "O", 11.81, 62.99, 0, 90],
		[223, "U17_8", 1181.83, -1412.43, "T", "SMD", "L_IN_1", "", "O", 11.81, 62.99, 0, 90],
		[224, "U17_9", 1181.83, -1392.74, "T", "SMD", "L_IN_2", "", "O", 11.81, 62.99, 0, 90],
		[225, "U17_10", 1181.83, -1373.06, "T", "SMD", "PF9", "", "O", 11.81, 62.99, 0, 90],
		[226, "U17_11", 1181.83, -1353.37, "T", "SMD", "U17_11", "", "O", 11.81, 62.99, 0, 90],
		[227, "U17_12", 1181.83, -1333.68, "T", "SMD", "H_IN_1", "", "O", 11.81, 62.99, 0, 90],
		[228, "U17_13", 1181.83, -1314, "T", "SMD", "H_IN_2", "", "O", 11.81, 62.99, 0, 90],
		[229, "U17_14", 1181.83, -1294.31, "T", "SMD", "NRST", "", "O", 11.81, 62.99, 0, 90],
		[230, "U17_15", 1181.83, -1274.63, "T", "SMD", "PC0", "", "O", 11.81, 62.99, 0, 90],
		[231, "U17_16", 1181.83, -1254.94, "T", "SMD", "PC1", "", "O", 11.81, 62.99, 0, 90],
		[232, "U17_17", 1181.83, -1235.26, "T", "SMD", "PC2", "", "O", 11.81, 62.99, 0, 90],
		[233, "U17_18", 1181.83, -1215.57, "T", "SMD", "PC3", "", "O", 11.81, 62.99, 0, 90],
		[234, "U17_19", 1181.83, -1195.89, "T", "SMD", "U17_19", "", "O", 11.81, 62.99, 0, 90],
		[235, "U17_20", 1181.83, -1176.2, "T", "SMD", "U17_20", "", "O", 11.81, 62.99, 0, 90],
		[236, "U17_21", 1181.83, -1156.52, "T", "SMD", "U17_21", "", "O", 11.81, 62.99, 0, 90],
		[237, "U17_22", 1181.83, -1136.83, "T", "SMD", "PA2", "", "O", 11.81, 62.99, 0, 90],
		[238, "U17_23", 1181.83, -1117.15, "T", "SMD", "GND", "GND", "O", 11.81, 62.99, 0, 90],
		[239, "U17_24", 1181.83, -1097.46, "T", "SMD", "3V3", "", "O", 11.81, 62.99, 0, 90],
		[240, "U17_25", 1181.83, -1077.78, "T", "SMD", "PA3", "", "O", 11.81, 62.99, 0, 90],
		[241, "U17_26", 1120.81, -1016.76, "T", "SMD", "PA4", "", "O", 62.99, 11.81, 0, 90],
		[242, "U17_27", 1101.13, -1016.76, "T", "SMD", "PA5", "", "O", 62.99, 11.81, 0, 90],
		[243, "U17_28", 1081.44, -1016.76, "T", "SMD", "PA6", "", "O", 62.99, 11.81, 0, 90],
		[244, "U17_29", 1061.76, -1016.76, "T", "SMD", "PA7", "", "O", 62.99, 11.81, 0, 90],
		[245, "U17_30", 1042.07, -1016.76, "T", "SMD", "PC4", "", "O", 62.99, 11.81, 0, 90],
		[246, "U17_31", 1022.39, -1016.76, "T", "SMD", "PC5", "", "O", 62.99, 11.81, 0, 90],
		[247, "U17_32", 1002.7, -1016.76, "T", "SMD", "PB0", "", "O", 62.99, 11.81, 0, 90],
		[248, "U17_33", 983.02, -1016.76, "T", "SMD", "PB1", "", "O", 62.99, 11.81, 0, 90],
		[249, "U17_34", 963.33, -1016.76, "T", "SMD", "PB2", "", "O", 62.99, 11.81, 0, 90],
		[250, "U17_35", 943.65, -1016.76, "T", "SMD", "GND", "GND", "O", 62.99, 11.81, 0, 90],
		[251, "U17_36", 923.96, -1016.76, "T", "SMD", "3V3", "", "O", 62.99, 11.81, 0, 90],
		[252, "U17_37", 904.27, -1016.76, "T", "SMD", "3V3", "", "O", 62.99, 11.81, 0, 90],
		[253, "U17_38", 884.59, -1016.76, "T", "SMD", "PE7", "", "O", 62.99, 11.81, 0, 90],
		[254, "U17_39", 864.9, -1016.76, "T", "SMD", "PE8", "", "O", 62.99, 11.81, 0, 90],
		[255, "U17_40", 845.22, -1016.76, "T", "SMD", "PE9", "", "O", 62.99, 11.81, 0, 90],
		[256, "U17_41", 825.53, -1016.76, "T", "SMD", "PE10", "", "O", 62.99, 11.81, 0, 90],
		[257, "U17_42", 805.85, -1016.76, "T", "SMD", "PE11", "", "O", 62.99, 11.81, 0, 90],
		[258, "U17_43", 786.16, -1016.76, "T", "SMD", "PE12", "", "O", 62.99, 11.81, 0, 90],
		[259, "U17_44", 766.48, -1016.76, "T", "SMD", "PE13", "", "O", 62.99, 11.81, 0, 90],
		[260, "U17_45", 746.79, -1016.76, "T", "SMD", "PE14", "", "O", 62.99, 11.81, 0, 90],
		[261, "U17_46", 727.11, -1016.76, "T", "SMD", "PE15", "", "O", 62.99, 11.81, 0, 90],
		[262, "U17_47", 707.42, -1016.76, "T", "SMD", "PB10", "", "O", 62.99, 11.81, 0, 90],
		[263, "U17_48", 687.74, -1016.76, "T", "SMD", "GND", "GND", "O", 62.99, 11.81, 0, 90],
		[264, "U17_49", 668.05, -1016.76, "T", "SMD", "3V3", "", "O", 62.99, 11.81, 0, 90],
		[265, "U17_50", 648.37, -1016.76, "T", "SMD", "PB11", "", "O", 62.99, 11.81, 0, 90],
		[266, "U17_51", 587.35, -1077.78, "T", "SMD", "U17_51", "", "O", 11.81, 62.99, 0, 90],
		[267, "U17_52", 587.35, -1097.46, "T", "SMD", "U17_52", "", "O", 11.81, 62.99, 0, 90],
		[268, "U17_53", 587.35, -1117.15, "T", "SMD", "PB14", "", "O", 11.81, 62.99, 0, 90],
		[269, "U17_54", 587.35, -1136.83, "T", "SMD", "PB15", "", "O", 11.81, 62.99, 0, 90],
		[270, "U17_55", 587.35, -1156.52, "T", "SMD", "U17_55", "", "O", 11.81, 62.99, 0, 90],
		[271, "U17_56", 587.35, -1176.2, "T", "SMD", "U17_56", "", "O", 11.81, 62.99, 0, 90],
		[272, "U17_57", 587.35, -1195.89, "T", "SMD", "U17_57", "", "O", 11.81, 62.99, 0, 90],
		[273, "U17_58", 587.35, -1215.57, "T", "SMD", "U17_58", "", "O", 11.81, 62.99, 0, 90],
		[274, "U17_59", 587.35, -1235.26, "T", "SMD", "U17_59", "", "O", 11.81, 62.99, 0, 90],
		[275, "U17_60", 587.35, -1254.94, "T", "SMD", "U17_60", "", "O", 11.81, 62.99, 0, 90],
		[276, "U17_61", 587.35, -1274.63, "T", "SMD", "PD14", "", "O", 11.81, 62.99, 0, 90],
		[277, "U17_62", 587.35, -1294.31, "T", "SMD", "U17_62", "", "O", 11.81, 62.99, 0, 90],
		[278, "U17_63", 587.35, -1314, "T", "SMD", "GND", "GND", "O", 11.81, 62.99, 0, 90],
		[279, "U17_64", 587.35, -1333.68, "T", "SMD", "3V3", "", "O", 11.81, 62.99, 0, 90],
		[280, "U17_65", 587.35, -1353.37, "T", "SMD", "PC6", "", "O", 11.81, 62.99, 0, 90],
		[281, "U17_66", 587.35, -1373.06, "T", "SMD", "PC7", "", "O", 11.81, 62.99, 0, 90],
		[282, "U17_67", 587.35, -1392.74, "T", "SMD", "PC8", "", "O", 11.81, 62.99, 0, 90],
		[283, "U17_68", 587.35, -1412.43, "T", "SMD", "PC9", "", "O", 11.81, 62.99, 0, 90],
		[284, "U17_69", 587.35, -1432.11, "T", "SMD", "PA8", "", "O", 11.81, 62.99, 0, 90],
		[285, "U17_70", 587.35, -1451.8, "T", "SMD", "PA9", "", "O", 11.81, 62.99, 0, 90],
		[286, "U17_71", 587.35, -1471.48, "T", "SMD", "PA10", "", "O", 11.81, 62.99, 0, 90],
		[287, "U17_72", 587.35, -1491.17, "T", "SMD", "PA11", "", "O", 11.81, 62.99, 0, 90],
		[288, "U17_73", 587.35, -1510.85, "T", "SMD", "PA12", "", "O", 11.81, 62.99, 0, 90],
		[289, "U17_74", 587.35, -1530.54, "T", "SMD", "GND", "GND", "O", 11.81, 62.99, 0, 90],
		[290, "U17_75", 587.35, -1550.22, "T", "SMD", "3V3", "", "O", 11.81, 62.99, 0, 90],
		[291, "U17_76", 648.37, -1611.24, "T", "SMD", "SWDIO", "", "O", 62.99, 11.81, 0, 90],
		[292, "U17_77", 668.05, -1611.24, "T", "SMD", "SWCLK", "", "O", 62.99, 11.81, 0, 90],
		[293, "U17_78", 687.74, -1611.24, "T", "SMD", "PA15", "", "O", 62.99, 11.81, 0, 90],
		[294, "U17_79", 707.42, -1611.24, "T", "SMD", "PC10", "", "O", 62.99, 11.81, 0, 90],
		[295, "U17_80", 727.11, -1611.24, "T", "SMD", "PC11", "", "O", 62.99, 11.81, 0, 90],
		[296, "U17_81", 746.79, -1611.24, "T", "SMD", "PC12", "", "O", 62.99, 11.81, 0, 90],
		[297, "U17_82", 766.48, -1611.24, "T", "SMD", "PD0", "", "O", 62.99, 11.81, 0, 90],
		[298, "U17_83", 786.16, -1611.24, "T", "SMD", "PD1", "", "O", 62.99, 11.81, 0, 90],
		[299, "U17_84", 805.85, -1611.24, "T", "SMD", "PD2", "", "O", 62.99, 11.81, 0, 90],
		[300, "U17_85", 825.53, -1611.24, "T", "SMD", "PD3", "", "O", 62.99, 11.81, 0, 90],
		[301, "U17_86", 845.22, -1611.24, "T", "SMD", "PD4", "", "O", 62.99, 11.81, 0, 90],
		[302, "U17_87", 864.9, -1611.24, "T", "SMD", "PD5", "", "O", 62.99, 11.81, 0, 90],
		[303, "U17_88", 884.59, -1611.24, "T", "SMD", "PD6", "", "O", 62.99, 11.81, 0, 90],
		[304, "U17_89", 904.27, -1611.24, "T", "SMD", "PD7", "", "O", 62.99, 11.81, 0, 90],
		[305, "U17_90", 923.96, -1611.24, "T", "SMD", "PB3", "", "O", 62.99, 11.81, 0, 90],
		[306, "U17_91", 943.65, -1611.24, "T", "SMD", "PB4", "", "O", 62.99, 11.81, 0, 90],
		[307, "U17_92", 963.33, -1611.24, "T", "SMD", "PB5", "", "O", 62.99, 11.81, 0, 90],
		[308, "U17_93", 983.02, -1611.24, "T", "SMD", "PB6", "", "O", 62.99, 11.81, 0, 90],
		[309, "U17_94", 1002.7, -1611.24, "T", "SMD", "PB7", "", "O", 62.99, 11.81, 0, 90],
		[310, "U17_95", 1022.39, -1611.24, "T", "SMD", "GND", "GND", "O", 62.99, 11.81, 0, 90],
		[311, "U17_96", 1042.07, -1611.24, "T", "SMD", "PB9", "", "O", 62.99, 11.81, 0, 90],
		[312, "U17_97", 1061.76, -1611.24, "T", "SMD", "PE0", "", "O", 62.99, 11.81, 0, 90],
		[313, "U17_98", 1081.44, -1611.24, "T", "SMD", "PE1", "", "O", 62.99, 11.81, 0, 90],
		[314, "U17_99", 1101.13, -1611.24, "T", "SMD", "GND", "GND", "O", 62.99, 11.81, 0, 90],
		[315, "U17_100", 1120.81, -1611.24, "T", "SMD", "3V3", "", "O", 62.99, 11.81, 0, 90],
		[316, "X1_1", 1379.12, -1369.25, "T", "SMD", "L_IN_2", "", "R", 70.87, 39.37, 0, 0],
		[317, "X1_2", 1379.12, -1467.68, "T", "SMD", "L_IN_1", "", "R", 70.87, 39.37, 0, 0],
		[318, "X2_1", 1340.14, -1157.69, "T", "SMD", "H_IN_2", "", "R", 55.12, 47.24, 0, 270],
		[319, "X2_2", 1340.14, -1244.3, "T", "SMD", "H_IN_1", "", "R", 55.12, 47.24, 0, 270],
		[320, "X2_3", 1409.04, -1244.3, "T", "SMD", "H_IN_1", "", "R", 55.12, 47.24, 0, 270],
		[321, "X2_4", 1409.04, -1157.69, "T", "SMD", "H_IN_2", "", "R", 55.12, 47.24, 0, 270]
	]
}
}